booking_id,hotel_name,hotel_city,hotel_state,hotel_zipcode,hotel_country,booking_for,numbers_of_persons,adults,childrens,days_of_stays,check_in_timestamp,check_out_timestamp,requires_travels_facility,mode_of_travels,amount,discount_category,special_discount,tax,total_amounts,rooms_booked,room_type,booking_source,payment_method,guest_email,booking_status,room_number,guest_type,guest_age,guest_gender
453,Radisson Blu Hotel Mumbai,Mumbai,Maharashtra,400051,India,family,2.0,1.0,1.0,10.0,2026-07-05 09:20:00,2026-07-15 09:20:00,,e-cycle,25472.49,working_pro_business_trips,0.0,1273.62,26746.11,3.0,Family Room,corporate_portal,cash,guest00453@example.com,pending,D401,India,52.0,F
85,Radisson Blu Hotel New Delhi,New Delhi,Delhi,110001,India,wedding,1.0,1.0,0.0,3.0,2025-09-04 18:26:00,2025-09-07 18:26:00,,cycle,30498.02,honeymoon,4574.7,4666.2,30589.52,2.0,Suite,website,cash,guest00085@example.com,cancelled,C312,India,40.0,M
435,Radisson Blu Hotel New Delhi,New Delhi,Delhi,110001,India,leisure,5.0,2.0,3.0,1.0,2025-03-25 18:51:00,2025-03-26 18:51:00,Yes,bus 25 seater,11632.63,childrens_trips,0.0,581.63,12214.26,1.0,Standard,website,cash,guest00435@example.com,checked_in,A101,International,71.0,F
474,Park Plaza Vondelpark Amsterdam,Amsterdam,North Holland,1071,Netherlands,business,2.0,2.0,0.0,11.0,2025-09-25 19:29:00,2025-10-06 19:29:00,Yes,car,173468.51,,34693.7,6938.74,145713.55,3.0,Suite,corporate_portal,net_banking,guest00474@example.com,confirmed,E510,India,74.0,F
429,Radisson Blu Hotel Bengaluru,Bengaluru,Karnataka,560052,India,transit,3.0,3.0,0.0,6.0,2025-10-07 07:42:00,2025-10-13 07:42:00,Yes,e-cycle,144291.78,honeymoon,7214.59,6853.86,143931.05,3.0,Suite,website,credit_card,guest00429@example.com,pending,D401,International,66.0,F
313,Radisson Blu Beke Hotel Budapest,Budapest,Budapest,1067,Hungary,family,1.0,1.0,0.0,9.0,2025-03-05 11:57:00,2025-03-14 11:57:00,Yes,bus 11 seater,133134.32,students_exploring,6656.72,6323.88,132801.48,3.0,Family Room,corporate_portal,upi,guest00313@example.com,checked_in,D401,International,45.0,OTHER
31,Park Plaza Vondelpark Amsterdam,Amsterdam,North Holland,1071,Netherlands,conference,2.0,2.0,0.0,6.0,2025-02-21 08:24:00,2025-02-27 08:24:00,No,car,57780.08,students_exploring,5778.01,6240.25,58242.32,1.0,Family Room,website,upi,guest00031@example.com,pending,,India,67.0,OTHER
221,Radisson Blu Hotel New Delhi,New Delhi,Delhi,110001,India,wedding,6.0,5.0,1.0,5.0,2026-01-26 03:24:00,2026-01-31 03:24:00,,motorcycle,11865.86,students_exploring,1779.88,1210.32,11296.3,1.0,Business Class,phone,debit_card,guest00221@example.com,cancelled,E510,India,78.0,M
120,Radisson Blu Hotel Nagpur,Nagpur,Maharashtra,440001,India,family,3.0,2.0,1.0,12.0,2026-07-25 18:56:00,2026-08-06 18:56:00,,e-cycle,140532.64,students_exploring,14053.26,6323.97,132803.35,3.0,Business Class,phone,cash,guest00120@example.com,checked_in,B205,International,42.0,M
232,Radisson Blu Hotel New Delhi,New Delhi,Delhi,110001,India,business,8.0,5.0,3.0,4.0,2025-08-28 01:42:00,2025-09-01 01:42:00,Yes,e-cycle,40724.13,childrens_trips,4072.41,4398.21,41049.93,1.0,Family Room,phone,upi,guest00232@example.com,cancelled,E510,India,42.0,OTHER
10,art'otel Amsterdam,Amsterdam,North Holland,1012,Netherlands,leisure,3.0,3.0,0.0,11.0,2025-11-16 12:42:00,2025-11-27 12:42:00,Yes,bus 25 seater,151885.35,honeymoon,0.0,7594.27,159479.62,3.0,Family Room,mobile_app,net_banking,guest00010@example.com,pending,A101,India,63.0,OTHER
125,art'otel Amsterdam,Amsterdam,North Holland,1012,Netherlands,family,2.0,2.0,0.0,10.0,2025-12-04 07:24:00,2025-12-14 07:24:00,No,e-cycle,169869.05,,33973.81,16307.43,152202.67,3.0,Suite,corporate_portal,debit_card,guest00125@example.com,cancelled,B205,India,64.0,OTHER
423,Radisson Blu Hotel Frankfurt,Frankfurt,Hesse,60329,Germany,conference,6.0,4.0,2.0,1.0,2025-11-25 12:37:00,2025-11-26 12:37:00,Yes,cycle,2339.71,childrens_trips,233.97,105.29,2211.03,2.0,Business Class,website,credit_card,guest00423@example.com,confirmed,E510,India,36.0,M
205,Radisson Blu Beke Hotel Budapest,Budapest,Budapest,1067,Hungary,transit,5.0,,1.0,8.0,2026-01-30 22:54:00,2026-02-07 22:54:00,,car,162306.41,senior_citizens,0.0,8115.32,170421.73,1.0,Suite,walk_in,cash,guest00205@example.com,checked_out,,International,29.0,OTHER
361,art'otel Amsterdam,Amsterdam,North Holland,1012,Netherlands,leisure,1.0,1.0,0.0,12.0,2025-05-14 02:27:00,2025-05-26 02:27:00,Yes,car,237274.34,,23727.43,10677.35,224224.26,3.0,Family Room,website,cash,guest00361@example.com,confirmed,C312,India,22.0,F
71,Radisson Blu Hotel Bengaluru,Bengaluru,Karnataka,560052,India,business,6.0,5.0,1.0,7.0,2026-03-17 05:08:00,2026-03-24 05:08:00,No,e-cycle,93842.61,honeymoon,18768.52,9008.89,84082.98,2.0,Standard,corporate_portal,credit_card,guest00071@example.com,cancelled,E510,International,54.0,F
431,Radisson Blu Hotel Bengaluru,Bengaluru,Karnataka,560052,India,wedding,4.0,3.0,1.0,1.0,2025-01-10 07:47:00,2025-01-11 07:47:00,,bus 25 seater,18253.39,,0.0,912.67,19166.06,1.0,Deluxe,corporate_portal,upi,guest00431@example.com,confirmed,C312,International,75.0,OTHER
432,Radisson Blu Hotel Frankfurt,Frankfurt,Hesse,60329,Germany,leisure,4.0,4.0,0.0,11.0,2025-08-03 00:12:00,2025-08-14 00:12:00,,bus 11 seater,90579.1,,13586.86,9239.07,86231.31,3.0,Family Room,phone,net_banking,guest00432@example.com,checked_out,B205,India,55.0,M
365,Radisson Blu Hotel Bengaluru,Bengaluru,Karnataka,560052,India,wedding,6.0,5.0,1.0,8.0,2025-04-29 12:18:00,2025-05-07 12:18:00,No,bus 25 seater,141915.84,students_exploring,14191.58,,134110.47,1.0,Standard,corporate_portal,upi,guest00365@example.com,pending,A101,International,61.0,M
212,Radisson Blu Hotel New Delhi,New Delhi,Delhi,110001,India,wedding,5.0,5.0,0.0,11.0,2025-04-21 13:02:00,2025-05-02 13:02:00,,bus 11 seater,247375.71,students_exploring,24737.57,40074.87,262713.01,1.0,Family Room,phone,credit_card,guest00212@example.com,checked_out,D401,International,77.0,OTHER
79,Park Plaza Vondelpark Amsterdam,Amsterdam,North Holland,1071,Netherlands,business,2.0,2.0,0.0,8.0,2025-08-08 10:49:00,2025-08-16 10:49:00,,cycle,39932.13,,0.0,4791.86,44723.99,3.0,Standard,phone,upi,guest00079@example.com,checked_out,B205,International,27.0,M
182,Radisson Blu Hotel Dubai Deira Creek,Dubai,Dubai,12345,UAE,family,3.0,3.0,0.0,7.0,2026-02-01 05:23:00,2026-02-08 05:23:00,Yes,bus 25 seater,19845.79,working_pro_business_trips,1984.58,2143.35,20004.56,1.0,Deluxe,phone,credit_card,guest00182@example.com,confirmed,,International,69.0,OTHER
425,Radisson Blu Hotel Nagpur,Nagpur,Maharashtra,440001,India,business,5.0,5.0,0.0,10.0,2025-07-27 07:48:00,2025-08-06 07:48:00,No,car,136000.14,childrens_trips,20400.02,13872.01,129472.13,2.0,Family Room,corporate_portal,credit_card,guest00425@example.com,checked_in,A101,International,58.0,M
56,Radisson Blu Hotel Frankfurt,Frankfurt,Hesse,60329,Germany,family,3.0,2.0,1.0,12.0,2025-09-14 21:48:00,2025-09-26 21:48:00,No,car,273107.59,working_pro_business_trips,54621.52,10924.3,229410.37,2.0,Deluxe,website,upi,guest00056@example.com,cancelled,,International,29.0,M
77,Radisson Blu Beke Hotel Budapest,Budapest,Budapest,1067,Hungary,family,5.0,5.0,0.0,6.0,2026-02-01 13:49:00,2026-02-07 13:49:00,Yes,cycle,98619.41,,4930.97,4684.42,98372.86,2.0,Business Class,travel_agent,net_banking,guest00077@example.com,pending,C312,India,55.0,OTHER
78,Park Plaza Vondelpark Amsterdam,Amsterdam,North Holland,1071,Netherlands,wedding,4.0,4.0,0.0,12.0,2025-12-25 09:41:00,2026-01-06 09:41:00,No,e-cycle,218939.39,childrens_trips,0.0,26272.73,245212.12,1.0,Family Room,website,cash,guest00078@example.com,checked_out,C312,India,41.0,F
155,art'otel Amsterdam,Amsterdam,North Holland,1012,Netherlands,business,6.0,4.0,2.0,11.0,2025-06-05 13:39:00,2025-06-16 13:39:00,,e-cycle,41922.79,students_exploring,0.0,2096.14,44018.93,2.0,Suite,travel_agent,debit_card,guest00155@example.com,pending,C312,India,33.0,OTHER
266,Radisson Blu Hotel Amsterdam City Center,Amsterdam,North Holland,1012,Netherlands,leisure,7.0,5.0,2.0,6.0,2025-05-09 15:14:00,2025-05-15 15:14:00,Yes,e-cycle,116132.3,students_exploring,11613.23,18813.43,123332.5,2.0,Deluxe,travel_agent,credit_card,guest00266@example.com,checked_in,,International,53.0,F
272,Radisson Blu Hotel Frankfurt,Frankfurt,Hesse,60329,Germany,conference,6.0,4.0,2.0,12.0,2026-01-02 21:29:00,2026-01-14 21:29:00,,bus 25 seater,68039.71,,0.0,12247.15,80286.86,1.0,Family Room,walk_in,cash,guest00272@example.com,cancelled,C312,International,72.0,F
382,Radisson Blu Hotel Nagpur,Nagpur,Maharashtra,440001,India,family,2.0,2.0,0.0,1.0,2025-02-05 23:42:00,2025-02-06 23:42:00,,car,10724.81,working_pro_business_trips,2144.96,1544.37,10124.22,1.0,Suite,corporate_portal,credit_card,guest00382@example.com,checked_in,C312,International,23.0,M
102,Radisson Blu Hotel New Delhi,New Delhi,Delhi,110001,India,leisure,7.0,5.0,2.0,3.0,2026-05-01 16:29:00,2026-05-04 16:29:00,No,cycle,15128.76,,2269.31,1543.13,14402.58,2.0,Family Room,travel_agent,net_banking,guest00102@example.com,checked_out,E510,International,63.0,OTHER
127,Radisson Blu Hotel Frankfurt,Frankfurt,Hesse,60329,Germany,transit,1.0,1.0,0.0,1.0,2026-05-10 21:31:00,2026-05-11 21:31:00,No,cycle,11343.05,childrens_trips,0.0,2041.75,13384.8,1.0,Family Room,phone,cash,guest00127@example.com,pending,A101,India,51.0,M
315,Park Plaza Vondelpark Amsterdam,Amsterdam,North Holland,1071,Netherlands,leisure,6.0,4.0,2.0,7.0,2025-03-28 04:41:00,2025-04-04 04:41:00,No,cycle,125531.42,students_exploring,12553.14,20336.09,133314.37,3.0,Suite,corporate_portal,upi,guest00315@example.com,pending,B205,International,56.0,M
323,Radisson Blu Beke Hotel Budapest,Budapest,Budapest,1067,Hungary,family,3.0,2.0,1.0,11.0,2026-08-22 12:29:00,2026-09-02 12:29:00,,e-cycle,170042.44,senior_citizens,0.0,30607.64,200650.08,2.0,Family Room,website,credit_card,guest00323@example.com,confirmed,A101,International,24.0,OTHER
34,Radisson Blu Hotel Mumbai,Mumbai,Maharashtra,400051,India,conference,3.0,3.0,0.0,11.0,2026-01-15 02:32:00,2026-01-26 02:32:00,No,e-cycle,126998.99,students_exploring,12699.9,5714.95,120014.04,3.0,Deluxe,corporate_portal,debit_card,guest00034@example.com,checked_out,,International,57.0,OTHER
74,Radisson Blu Hotel Amsterdam City Center,Amsterdam,North Holland,1012,Netherlands,transit,7.0,5.0,2.0,8.0,2025-07-01 20:31:00,2025-07-09 20:31:00,,bus 25 seater,97716.82,,14657.52,,98009.97,2.0,Deluxe,corporate_portal,credit_card,guest00074@example.com,checked_in,D401,International,68.0,F
1,Radisson Blu Hotel Amsterdam City Center,Amsterdam,North Holland,1012,Netherlands,business,2.0,2.0,0.0,4.0,2025-01-26 23:17:00,2025-01-30 23:17:00,,motorcycle,16711.55,honeymoon,3342.31,2406.46,15775.7,1.0,Standard,mobile_app,debit_card,guest00001@example.com,checked_out,E510,India,53.0,M
12,Radisson Blu Hotel Mumbai,Mumbai,Maharashtra,400051,India,conference,2.0,1.0,1.0,8.0,2025-12-29 13:26:00,2026-01-06 13:26:00,,bus 25 seater,197061.06,honeymoon,0.0,9853.05,206914.11,1.0,Deluxe,mobile_app,net_banking,guest00012@example.com,checked_in,B205,International,29.0,F
230,Radisson Blu Hotel Frankfurt,Frankfurt,Hesse,60329,Germany,transit,5.0,5.0,0.0,1.0,2026-02-19 18:13:00,2026-02-20 18:13:00,Yes,bus 25 seater,22540.47,students_exploring,3381.07,2299.13,21458.53,1.0,Family Room,phone,upi,guest00230@example.com,pending,D401,India,43.0,F
194,Radisson Blu Hotel New Delhi,New Delhi,Delhi,110001,India,family,5.0,5.0,0.0,3.0,2026-06-04 09:54:00,2026-06-07 09:54:00,,cycle,12193.17,senior_citizens,0.0,2194.77,14387.94,3.0,Business Class,phone,credit_card,guest00194@example.com,pending,C312,India,65.0,F
404,Radisson Blu Hotel Mumbai,Mumbai,Maharashtra,400051,India,transit,8.0,5.0,3.0,12.0,2026-05-13 16:37:00,2026-05-25 16:37:00,Yes,cycle,273572.36,honeymoon,27357.24,12310.76,258525.88,2.0,Family Room,travel_agent,net_banking,guest00404@example.com,confirmed,C312,International,74.0,F
394,Radisson Blu Hotel Nagpur,Nagpur,Maharashtra,440001,India,leisure,4.0,4.0,0.0,2.0,2025-10-19 21:43:00,2025-10-21 21:43:00,Yes,car,46712.49,students_exploring,0.0,5605.5,52317.99,3.0,Suite,corporate_portal,upi,guest00394@example.com,checked_out,,India,39.0,M
408,UNKNOWN,Amsterdam,North Holland,1012,Netherlands,wedding,3.0,1.0,2.0,6.0,2026-05-14 08:21:00,2026-05-20 08:21:00,,e-cycle,88337.51,honeymoon,0.0,15900.75,104238.26,3.0,Standard,corporate_portal,cash,guest00408@example.com,confirmed,A101,India,70.0,OTHER
154,art'otel Amsterdam,Amsterdam,North Holland,1012,Netherlands,leisure,1.0,1.0,0.0,2.0,2026-01-28 02:46:00,2026-01-30 02:46:00,,e-cycle,44477.89,senior_citizens,0.0,5337.35,49815.24,1.0,Family Room,walk_in,credit_card,guest00154@example.com,checked_out,,India,46.0,F
69,Radisson Blu Beke Hotel Budapest,Budapest,Budapest,1067,Hungary,business,1.0,1.0,0.0,2.0,2025-11-29 18:38:00,2025-12-01 18:38:00,No,motorcycle,38605.82,,0.0,6949.05,45554.87,2.0,Suite,walk_in,cash,guest00069@example.com,checked_in,C312,India,66.0,OTHER
196,Park Plaza Vondelpark Amsterdam,Amsterdam,North Holland,1071,Netherlands,transit,7.0,5.0,2.0,7.0,2025-05-21 06:21:00,2025-05-28 06:21:00,Yes,car,172831.84,students_exploring,0.0,20739.82,193571.66,2.0,Deluxe,travel_agent,credit_card,guest00196@example.com,confirmed,D401,International,31.0,M
19,Radisson Blu Hotel Mumbai,Mumbai,Maharashtra,400051,India,leisure,2.0,2.0,0.0,2.0,2026-07-29 00:07:00,2026-07-31 00:07:00,No,bus 11 seater,42325.21,honeymoon,6348.78,6475.76,42452.19,2.0,Business Class,website,upi,guest00019@example.com,pending,,India,60.0,M
443,Radisson Blu Hotel Amsterdam City Center,Amsterdam,North Holland,1012,Netherlands,leisure,8.0,5.0,3.0,4.0,2025-05-26 09:28:00,2025-05-30 09:28:00,No,bus 11 seater,40599.58,senior_citizens,0.0,2029.98,42629.56,2.0,Deluxe,travel_agent,net_banking,guest00443@example.com,pending,B205,India,19.0,M
189,art'otel Amsterdam,Amsterdam,North Holland,1012,Netherlands,transit,2.0,2.0,0.0,6.0,2025-02-03 14:03:00,2025-02-09 14:03:00,Yes,e-cycle,125432.08,honeymoon,18814.81,12794.07,119411.34,1.0,Business Class,corporate_portal,net_banking,guest00189@example.com,checked_in,B205,International,55.0,OTHER
32,Radisson Blu Hotel Nagpur,Nagpur,Maharashtra,440001,India,wedding,5.0,5.0,0.0,1.0,2025-02-01 07:12:00,2025-02-02 07:12:00,Yes,motorcycle,4728.33,,945.67,189.13,3971.79,2.0,Business Class,mobile_app,net_banking,guest00032@example.com,checked_out,,India,67.0,M
428,Radisson Blu Beke Hotel Budapest,Budapest,Budapest,1067,Hungary,leisure,5.0,5.0,0.0,9.0,2025-02-16 05:47:00,2025-02-25 05:47:00,,cycle,34932.51,childrens_trips,6986.5,1397.3,29343.31,2.0,Deluxe,walk_in,net_banking,guest00428@example.com,cancelled,,International,58.0,F
40,Radisson Blu Hotel Amsterdam City Center,Amsterdam,North Holland,1012,Netherlands,family,6.0,5.0,1.0,2.0,2025-03-08 12:31:00,2025-03-10 12:31:00,Yes,bus 11 seater,6087.46,honeymoon,0.0,1095.74,7183.2,3.0,Suite,walk_in,net_banking,guest00040@example.com,checked_out,B205,International,46.0,F
174,Radisson Blu Hotel Bengaluru,Bengaluru,Karnataka,560052,India,wedding,1.0,1.0,0.0,8.0,2026-07-10 09:11:00,2026-07-18 09:11:00,No,car,57574.9,childrens_trips,0.0,2878.75,60453.65,3.0,Deluxe,mobile_app,upi,guest00174@example.com,pending,C312,India,19.0,M
305,Radisson Blu Beke Hotel Budapest,Budapest,Budapest,1067,Hungary,business,3.0,3.0,0.0,4.0,2025-08-03 10:12:00,2025-08-07 10:12:00,No,bus 11 seater,36817.1,senior_citizens,3681.71,5964.37,39099.76,2.0,Standard,website,net_banking,guest00305@example.com,checked_out,E510,India,31.0,OTHER
156,Radisson Blu Hotel Frankfurt,Frankfurt,Hesse,60329,Germany,conference,3.0,3.0,0.0,11.0,2025-10-19 22:01:00,2025-10-30 22:01:00,No,e-cycle,174687.74,honeymoon,0.0,31443.79,206131.53,1.0,Suite,corporate_portal,credit_card,guest00156@example.com,pending,D401,India,51.0,M
73,Radisson Blu Hotel New Delhi,New Delhi,Delhi,110001,India,family,1.0,1.0,0.0,3.0,2025-08-15 10:49:00,2025-08-18 10:49:00,No,e-cycle,13336.25,,2000.44,566.79,11902.6,1.0,Deluxe,website,debit_card,guest00073@example.com,cancelled,B205,India,56.0,M
463,Radisson Blu Hotel Amsterdam City Center,Amsterdam,North Holland,1012,Netherlands,family,3.0,2.0,1.0,11.0,2025-08-14 03:51:00,2025-08-25 03:51:00,No,cycle,31031.99,,4654.8,1318.86,27696.05,1.0,Family Room,mobile_app,net_banking,guest00463@example.com,checked_in,D401,India,32.0,M
94,Radisson Blu Hotel Bengaluru,Bengaluru,Karnataka,560052,India,conference,5.0,5.0,0.0,7.0,2026-06-23 13:49:00,2026-06-30 13:49:00,No,e-cycle,170514.47,working_pro_business_trips,34102.89,6820.58,143232.16,2.0,Deluxe,walk_in,net_banking,guest00094@example.com,pending,B205,International,50.0,M
330,Radisson Blu Hotel Frankfurt,Frankfurt,Hesse,60329,Germany,business,6.0,5.0,1.0,2.0,2025-09-02 15:24:00,2025-09-04 15:24:00,No,car,26785.34,childrens_trips,2678.53,1205.34,25312.15,3.0,Standard,corporate_portal,credit_card,guest00330@example.com,pending,,International,78.0,OTHER
149,Radisson Blu Beke Hotel Budapest,Budapest,Budapest,1067,Hungary,transit,5.0,2.0,3.0,2.0,2026-06-11 21:52:00,2026-06-13 21:52:00,Yes,e-cycle,40056.06,senior_citizens,0.0,4806.73,44862.79,1.0,Deluxe,phone,upi,guest00149@example.com,pending,,International,49.0,M
245,Radisson Blu Hotel Mumbai,Mumbai,Maharashtra,400051,India,wedding,5.0,5.0,0.0,2.0,2026-06-03 03:35:00,2026-06-05 03:35:00,,bus 25 seater,47541.52,,7131.23,4849.23,45259.52,2.0,Suite,walk_in,cash,guest00245@example.com,pending,C312,International,61.0,F
427,Radisson Blu Hotel Dubai Deira Creek,Dubai,Dubai,12345,UAE,transit,3.0,1.0,2.0,1.0,2026-03-10 17:28:00,2026-03-11 17:28:00,Yes,car,24097.86,honeymoon,3614.68,2457.98,22941.16,2.0,Business Class,walk_in,upi,guest00427@example.com,checked_in,C312,India,55.0,OTHER
64,Radisson Blu Hotel Bengaluru,Bengaluru,Karnataka,560052,India,wedding,2.0,2.0,0.0,10.0,2025-03-17 02:20:00,2025-03-27 02:20:00,,bus 25 seater,81803.71,students_exploring,16360.74,11779.73,77222.7,3.0,Family Room,travel_agent,cash,guest00064@example.com,checked_out,E510,International,24.0,OTHER
312,Park Plaza Vondelpark Amsterdam,Amsterdam,North Holland,1071,Netherlands,family,6.0,5.0,1.0,7.0,2026-04-09 17:18:00,2026-04-16 17:18:00,,e-cycle,44376.26,childrens_trips,8875.25,4260.12,39761.13,2.0,Business Class,website,net_banking,guest00312@example.com,confirmed,E510,International,72.0,M
339,Radisson Blu Hotel Frankfurt,Frankfurt,Hesse,60329,Germany,family,4.0,4.0,0.0,2.0,2025-03-03 08:08:00,2025-03-05 08:08:00,,bus 11 seater,11543.74,,577.19,548.33,11514.88,3.0,Deluxe,walk_in,net_banking,guest00339@example.com,pending,A101,International,72.0,OTHER
273,Radisson Blu Hotel Mumbai,Mumbai,Maharashtra,400051,India,family,3.0,2.0,1.0,10.0,2026-03-17 23:20:00,2026-03-27 23:20:00,No,motorcycle,67631.33,students_exploring,10144.7,10347.59,67834.22,2.0,Standard,phone,credit_card,guest00273@example.com,cancelled,E510,India,51.0,M
91,Radisson Blu Hotel New Delhi,New Delhi,Delhi,110001,India,family,5.0,5.0,0.0,2.0,2026-01-16 14:48:00,2026-01-18 14:48:00,Yes,car,20626.48,honeymoon,1031.32,3527.13,23122.29,3.0,Deluxe,corporate_portal,net_banking,guest00091@example.com,checked_in,E510,India,34.0,F
263,Radisson Blu Hotel Nagpur,Nagpur,Maharashtra,440001,India,transit,4.0,4.0,0.0,7.0,2025-05-05 22:15:00,2025-05-12 22:15:00,Yes,cycle,174112.55,,0.0,20893.51,195006.06,1.0,Suite,corporate_portal,upi,guest00263@example.com,cancelled,B205,India,65.0,OTHER
398,Park Plaza Vondelpark Amsterdam,Amsterdam,North Holland,1071,Netherlands,family,5.0,5.0,0.0,11.0,2026-05-23 16:40:00,2026-06-03 16:40:00,Yes,bus 11 seater,139289.53,,0.0,16714.74,156004.27,2.0,Deluxe,walk_in,cash,guest00398@example.com,cancelled,E510,India,53.0,M
468,Radisson Blu Hotel New Delhi,New Delhi,Delhi,110001,India,transit,4.0,1.0,3.0,9.0,2025-12-17 07:13:00,2025-12-26 07:13:00,,bus 11 seater,155053.26,working_pro_business_trips,0.0,27909.59,182962.85,2.0,Family Room,travel_agent,debit_card,guest00468@example.com,checked_in,,India,22.0,F
421,Radisson Blu Hotel Frankfurt,Frankfurt,Hesse,60329,Germany,family,3.0,3.0,0.0,7.0,2026-02-24 12:14:00,2026-03-03 12:14:00,,car,168192.11,senior_citizens,16819.21,27247.12,178620.02,3.0,Standard,walk_in,upi,guest00421@example.com,checked_out,,India,59.0,OTHER
105,Radisson Blu Hotel Nagpur,Nagpur,Maharashtra,440001,India,leisure,7.0,3.0,4.0,9.0,2025-05-22 16:13:00,2025-05-31 16:13:00,No,cycle,116083.86,childrens_trips,11608.39,12537.06,117012.53,3.0,Business Class,phone,upi,guest00105@example.com,checked_out,D401,India,33.0,F
336,Park Plaza Vondelpark Amsterdam,Amsterdam,North Holland,1071,Netherlands,family,1.0,1.0,0.0,3.0,2026-05-01 15:11:00,2026-05-04 15:11:00,No,cycle,30747.84,students_exploring,0.0,3689.74,34437.58,1.0,Standard,phone,credit_card,guest00336@example.com,checked_out,B205,India,68.0,M
470,art'otel Amsterdam,Amsterdam,North Holland,1012,Netherlands,conference,2.0,2.0,0.0,8.0,2025-11-07 09:36:00,2025-11-15 09:36:00,No,bus 11 seater,159407.22,students_exploring,0.0,19128.87,178536.09,2.0,Suite,walk_in,net_banking,guest00470@example.com,checked_in,B205,International,19.0,F
476,Radisson Blu Hotel Mumbai,Mumbai,Maharashtra,400051,India,conference,1.0,1.0,0.0,8.0,2025-11-12 00:10:00,2025-11-20 00:10:00,,bus 25 seater,158006.82,,15800.68,25597.11,167803.25,2.0,Deluxe,mobile_app,upi,guest00476@example.com,pending,,India,30.0,F
80,Park Plaza Vondelpark Amsterdam,Amsterdam,North Holland,1071,Netherlands,family,4.0,4.0,0.0,1.0,2025-06-19 23:28:00,2025-06-20 23:28:00,,motorcycle,18494.39,senior_citizens,1849.44,2996.09,19641.04,3.0,Deluxe,travel_agent,cash,guest00080@example.com,pending,C312,International,47.0,F
299,Radisson Blu Hotel Amsterdam City Center,Amsterdam,North Holland,1012,Netherlands,family,4.0,2.0,2.0,2.0,2025-01-25 14:40:00,2025-01-27 14:40:00,No,cycle,49953.0,,4995.3,2247.88,47205.58,1.0,Standard,phone,debit_card,guest00299@example.com,cancelled,C312,India,37.0,F
317,Radisson Blu Hotel Dubai Deira Creek,Dubai,Dubai,12345,UAE,transit,7.0,5.0,2.0,2.0,2025-10-14 14:33:00,2025-10-16 14:33:00,,e-cycle,7703.91,honeymoon,770.39,1248.03,8181.55,3.0,Family Room,walk_in,upi,guest00317@example.com,checked_out,A101,International,52.0,M
83,Radisson Blu Hotel New Delhi,New Delhi,Delhi,110001,India,conference,5.0,4.0,1.0,5.0,2025-05-30 04:02:00,2025-06-04 04:02:00,,car,25099.95,honeymoon,5019.99,2409.6,22489.56,1.0,Business Class,mobile_app,debit_card,guest00083@example.com,checked_out,,International,25.0,F
132,Radisson Blu Hotel Mumbai,Mumbai,Maharashtra,400051,India,business,4.0,4.0,0.0,10.0,2026-03-19 05:43:00,2026-03-29 05:43:00,Yes,bus 25 seater,161518.89,senior_citizens,0.0,29073.4,190592.29,2.0,Deluxe,phone,cash,guest00132@example.com,cancelled,C312,India,23.0,M
311,Radisson Blu Hotel Amsterdam City Center,Amsterdam,North Holland,1012,Netherlands,family,2.0,,1.0,7.0,2026-04-01 05:19:00,2026-04-08 05:19:00,No,e-cycle,123926.61,,18588.99,12640.51,117978.13,1.0,Standard,mobile_app,debit_card,guest00311@example.com,checked_out,,India,66.0,M
291,Radisson Blu Beke Hotel Budapest,Budapest,Budapest,1067,Hungary,business,6.0,4.0,2.0,3.0,2025-02-25 22:33:00,2025-02-28 22:33:00,Yes,cycle,36838.19,,7367.64,5304.7,34775.25,3.0,Deluxe,corporate_portal,cash,guest00291@example.com,cancelled,D401,India,29.0,F
391,Radisson Blu Hotel Amsterdam City Center,Amsterdam,North Holland,1012,Netherlands,wedding,4.0,3.0,1.0,8.0,2025-11-17 01:08:00,2025-11-25 01:08:00,No,cycle,186309.6,childrens_trips,9315.48,21239.29,198233.41,2.0,Deluxe,travel_agent,cash,guest00391@example.com,pending,E510,International,21.0,M
8,Radisson Blu Beke Hotel Budapest,Budapest,Budapest,abc123,Hungary,family,5.0,3.0,2.0,2.0,2026-05-28 05:32:00,2026-05-30 05:32:00,Yes,cycle,27155.56,working_pro_business_trips,0.0,1357.78,28513.34,1.0,Family Room,travel_agent,cash,guest00008@example.com,confirmed,A101,International,74.0,F
118,Radisson Blu Beke Hotel Budapest,Budapest,Budapest,1067,Hungary,leisure,3.0,1.0,2.0,2.0,2025-07-13 23:48:00,2025-07-15 23:48:00,,car,23052.76,working_pro_business_trips,0.0,1152.64,24205.4,1.0,Suite,walk_in,credit_card,guest00118@example.com,pending,,India,43.0,F
341,Radisson Blu Hotel Dubai Deira Creek,Dubai,Dubai,12345,UAE,conference,6.0,4.0,2.0,7.0,2025-02-04 13:33:00,2025-02-11 13:33:00,Yes,car,125736.53,working_pro_business_trips,0.0,15088.38,140824.91,1.0,Suite,mobile_app,debit_card,guest00341@example.com,cancelled,C312,India,59.0,M
87,Radisson Blu Hotel Amsterdam City Center,Amsterdam,North Holland,1012,Netherlands,wedding,3.0,1.0,2.0,4.0,2026-04-14 01:18:00,2026-04-18 01:18:00,No,cycle,89401.35,students_exploring,4470.07,10191.75,95123.03,2.0,Standard,phone,debit_card,guest00087@example.com,cancelled,C312,India,73.0,OTHER
76,art'otel Amsterdam,Amsterdam,North Holland,1012,Netherlands,business,5.0,2.0,3.0,9.0,2025-11-26 19:30:00,2025-12-05 19:30:00,,e-cycle,110269.23,senior_citizens,5513.46,18856.04,123611.81,1.0,Deluxe,phone,cash,guest00076@example.com,checked_in,E510,India,41.0,F
430,Radisson Blu Hotel Dubai Deira Creek,Dubai,Dubai,12345,UAE,transit,5.0,5.0,0.0,2.0,2025-03-25 20:41:00,2025-03-27 20:41:00,Yes,bus 25 seater,42208.69,students_exploring,8441.74,4052.03,37818.98,3.0,Business Class,corporate_portal,debit_card,guest00430@example.com,confirmed,A101,International,41.0,M
16,art'otel Amsterdam,Amsterdam,North Holland,1012,Netherlands,business,3.0,2.0,1.0,7.0,2025-11-18 07:16:00,2025-11-25 07:16:00,No,cycle,61319.53,working_pro_business_trips,3065.98,2912.68,61166.23,1.0,Standard,walk_in,debit_card,guest00016@example.com,checked_out,C312,India,77.0,F
210,Radisson Blu Hotel New Delhi,New Delhi,Delhi,110001,India,transit,4.0,3.0,1.0,8.0,2025-02-25 07:54:00,2025-03-05 07:54:00,No,e-cycle,129427.08,students_exploring,12942.71,20967.19,137451.56,1.0,Standard,phone,debit_card,guest00210@example.com,confirmed,C312,International,71.0,OTHER
379,Radisson Blu Hotel Nagpur,Nagpur,Maharashtra,440001,India,transit,5.0,,2.0,10.0,2025-02-26 02:20:00,2025-03-08 02:20:00,,car,226933.37,students_exploring,22693.34,24508.8,228748.83,3.0,Deluxe,mobile_app,credit_card,guest00379@example.com,checked_out,,India,51.0,OTHER
20,Radisson Blu Hotel New Delhi,New Delhi,Delhi,110001,India,conference,5.0,2.0,3.0,12.0,2026-07-28 13:39:00,2026-08-09 13:39:00,Yes,bus 11 seater,87507.67,,0.0,4375.38,91883.05,2.0,Suite,phone,debit_card,guest00020@example.com,cancelled,B205,India,42.0,M
318,Radisson Blu Hotel Bengaluru,Bengaluru,Karnataka,560052,India,leisure,6.0,5.0,1.0,8.0,2026-04-10 16:57:00,2026-04-18 16:57:00,Yes,e-cycle,92540.59,working_pro_business_trips,4627.03,10549.63,98463.19,3.0,Business Class,phone,net_banking,guest00318@example.com,cancelled,A101,International,55.0,M
377,Park Plaza Vondelpark Amsterdam,Amsterdam,North Holland,1071,Netherlands,leisure,,3.0,2.0,11.0,2025-09-04 04:47:00,2025-09-15 04:47:00,No,bus 25 seater,124498.42,childrens_trips,0.0,22409.72,146908.14,3.0,Deluxe,travel_agent,net_banking,guest00377@example.com,pending,D401,India,25.0,M
57,Park Plaza Vondelpark Amsterdam,Amsterdam,North Holland,1071,Netherlands,transit,5.0,3.0,2.0,9.0,2026-07-07 11:33:00,2026-07-16 11:33:00,No,car,69855.35,students_exploring,6985.53,7544.38,70414.2,1.0,Deluxe,mobile_app,cash,guest00057@example.com,checked_out,C312,India,68.0,F
276,Radisson Blu Hotel Frankfurt,Frankfurt,Hesse,60329,Germany,leisure,3.0,3.0,0.0,1.0,2026-01-26 02:49:00,2026-01-27 02:49:00,,e-cycle,20757.69,working_pro_business_trips,2075.77,934.1,19616.02,1.0,Suite,website,upi,guest00276@example.com,checked_out,A101,International,52.0,OTHER
399,Radisson Blu Hotel Nagpur,Nagpur,Maharashtra,440001,India,family,4.0,4.0,0.0,7.0,2026-06-10 03:32:00,2026-06-17 03:32:00,No,cycle,119922.89,honeymoon,17988.43,12232.14,114166.6,3.0,Standard,website,cash,guest00399@example.com,pending,B205,International,20.0,M
326,Radisson Blu Hotel New Delhi,New Delhi,Delhi,110001,India,conference,2.0,2.0,0.0,5.0,2025-03-03 08:52:00,2025-03-08 08:52:00,Yes,e-cycle,66039.73,students_exploring,0.0,11887.15,77926.88,1.0,Deluxe,walk_in,cash,guest00326@example.com,pending,E510,India,76.0,F
141,Radisson Blu Hotel New Delhi,New Delhi,Delhi,110001,India,business,4.0,4.0,0.0,12.0,2026-05-03 03:28:00,2026-05-15 03:28:00,No,e-cycle,105193.52,honeymoon,21038.7,4207.74,88362.56,3.0,Deluxe,phone,debit_card,guest00141@example.com,checked_out,B205,India,39.0,OTHER
434,Radisson Blu Hotel Nagpur,Nagpur,Maharashtra,440001,India,wedding,3.0,3.0,0.0,7.0,2025-11-27 13:54:00,2025-12-04 13:54:00,Yes,e-cycle,96771.15,senior_citizens,9677.11,10451.28,97545.32,1.0,Business Class,corporate_portal,net_banking,guest00434@example.com,checked_in,C312,India,43.0,M
417,Radisson Blu Hotel New Delhi,New Delhi,Delhi,110001,India,transit,7.0,5.0,2.0,9.0,2026-06-23 12:37:00,2026-07-02 12:37:00,No,motorcycle,198276.69,,29741.5,20224.22,188759.41,2.0,Suite,mobile_app,debit_card,guest00417@example.com,checked_out,B205,International,63.0,F
422,Radisson Blu Hotel Amsterdam City Center,Amsterdam,North Holland,1012,Netherlands,business,4.0,1.0,3.0,10.0,2025-07-17 19:34:00,2025-07-27 19:34:00,Yes,e-cycle,139046.88,working_pro_business_trips,13904.69,22525.59,147667.78,1.0,Standard,travel_agent,debit_card,guest00422@example.com,pending,,International,23.0,OTHER
26,Radisson Blu Hotel Frankfurt,Frankfurt,Hesse,60329,Germany,leisure,5.0,5.0,0.0,11.0,2025-03-16 14:26:00,2025-03-27 14:26:00,Yes,e-cycle,197509.6,,19750.96,21331.04,199089.68,1.0,Standard,corporate_portal,debit_card,guest00026@example.com,pending,,International,21.0,OTHER
461,Radisson Blu Hotel Frankfurt,Frankfurt,Hesse,60329,Germany,transit,6.0,5.0,1.0,2.0,2025-04-13 05:18:00,2025-04-15 05:18:00,No,bus 11 seater,11416.24,students_exploring,2283.25,456.65,9589.64,2.0,Deluxe,mobile_app,credit_card,guest00461@example.com,checked_out,B205,International,62.0,M
138,Radisson Blu Beke Hotel Budapest,Budapest,Budapest,1067,Hungary,wedding,6.0,4.0,2.0,3.0,2025-09-05 08:42:00,2025-09-08 08:42:00,No,cycle,10547.97,working_pro_business_trips,1582.2,1075.89,10041.66,3.0,Suite,walk_in,credit_card,guest00138@example.com,cancelled,,India,24.0,M
456,Park Plaza Vondelpark Amsterdam,Amsterdam,North Holland,1071,Netherlands,leisure,4.0,4.0,0.0,12.0,2025-07-30 09:27:00,2025-08-11 09:27:00,,e-cycle,181705.44,,9085.27,31071.63,203691.8,2.0,Business Class,mobile_app,credit_card,guest00456@example.com,pending,D401,India,70.0,F
350,Radisson Blu Hotel Amsterdam City Center,Amsterdam,North Holland,1012,Netherlands,transit,5.0,2.0,3.0,8.0,2025-01-26 12:59:00,2025-02-03 12:59:00,,cycle,186601.78,childrens_trips,0.0,9330.09,195931.87,3.0,Business Class,corporate_portal,upi,guest00350@example.com,checked_out,,India,69.0,OTHER
43,Park Plaza Vondelpark Amsterdam,Amsterdam,North Holland,1071,Netherlands,business,6.0,5.0,1.0,5.0,2025-03-15 01:10:00,2025-03-20 01:10:00,No,e-cycle,75028.02,childrens_trips,3751.4,8553.19,79829.81,3.0,Suite,travel_agent,net_banking,guest00043@example.com,checked_out,D401,International,23.0,OTHER
209,Radisson Blu Hotel Bengaluru,Bengaluru,Karnataka,560052,India,business,1.0,1.0,0.0,12.0,2025-11-20 03:31:00,2025-12-02 03:31:00,Yes,cycle,136395.05,working_pro_business_trips,20459.26,20868.44,136804.23,3.0,Business Class,walk_in,net_banking,guest00209@example.com,pending,,International,78.0,F
238,Park Plaza Vondelpark Amsterdam,Amsterdam,North Holland,1071,Netherlands,wedding,4.0,4.0,0.0,11.0,2026-07-07 00:57:00,2026-07-18 00:57:00,No,bus 11 seater,114320.33,students_exploring,0.0,20577.66,134897.99,2.0,Business Class,walk_in,net_banking,guest00238@example.com,confirmed,D401,India,34.0,F
275,Radisson Blu Hotel New Delhi,New Delhi,Delhi,110001,India,business,3.0,3.0,0.0,5.0,2026-08-20 07:14:00,2026-08-25 07:14:00,,bus 25 seater,55376.6,students_exploring,0.0,9967.79,65344.39,1.0,Suite,phone,net_banking,guest00275@example.com,confirmed,E510,International,20.0,OTHER
250,Radisson Blu Hotel Nagpur,Nagpur,Maharashtra,440001,India,family,3.0,3.0,0.0,2.0,2025-08-04 12:37:00,2025-08-06 12:37:00,Yes,bus 25 seater,43589.47,students_exploring,0.0,7846.1,51435.57,3.0,Business Class,travel_agent,debit_card,guest00250@example.com,checked_in,D401,India,44.0,OTHER
469,Radisson Blu Hotel Amsterdam City Center,Amsterdam,North Holland,1012,Netherlands,leisure,2.0,2.0,0.0,3.0,2025-07-17 01:40:00,2025-07-20 01:40:00,,car,17487.84,students_exploring,2623.18,743.23,15607.89,3.0,Suite,travel_agent,debit_card,guest00469@example.com,pending,B205,International,29.0,OTHER
356,Radisson Blu Hotel Bengaluru,Bengaluru,Karnataka,560052,India,wedding,8.0,4.0,4.0,5.0,2025-09-08 00:07:00,2025-09-13 00:07:00,No,cycle,16740.08,students_exploring,3348.02,1607.05,14999.11,2.0,Suite,phone,credit_card,guest00356@example.com,cancelled,E510,India,72.0,F
411,Radisson Blu Hotel Mumbai,Mumbai,Maharashtra,400051,India,wedding,6.0,3.0,3.0,9.0,2026-02-24 14:54:00,2026-03-05 14:54:00,Yes,car,108610.43,childrens_trips,0.0,19549.88,128160.31,2.0,Suite,mobile_app,cash,guest00411@example.com,confirmed,D401,India,60.0,OTHER
246,Radisson Blu Hotel Frankfurt,Frankfurt,Hesse,60329,Germany,transit,1.0,1.0,0.0,5.0,2025-01-29 15:07:00,2025-02-03 15:07:00,Yes,bus 25 seater,100484.1,students_exploring,0.0,18087.14,118571.24,2.0,Family Room,walk_in,credit_card,guest00246@example.com,cancelled,B205,International,23.0,F
441,art'otel Amsterdam,Amsterdam,North Holland,1012,Netherlands,family,5.0,4.0,1.0,11.0,2025-03-12 10:12:00,2025-03-23 10:12:00,,cycle,270386.81,childrens_trips,40558.02,41369.18,271197.97,3.0,Business Class,corporate_portal,upi,guest00441@example.com,pending,A101,International,74.0,M
23,Radisson Blu Hotel Mumbai,Mumbai,Maharashtra,400051,India,wedding,2.0,2.0,0.0,9.0,2025-01-02 16:59:00,2025-01-11 16:59:00,No,e-cycle,30810.53,honeymoon,6162.11,2957.81,27606.23,3.0,Business Class,walk_in,upi,guest00023@example.com,checked_in,C312,International,62.0,F
322,Park Plaza Vondelpark Amsterdam,Amsterdam,North Holland,1071,Netherlands,business,4.0,4.0,0.0,5.0,2026-06-28 13:00:00,2026-07-03 13:00:00,Yes,cycle,45619.88,,6842.98,6979.84,45756.74,2.0,Suite,walk_in,upi,guest00322@example.com,cancelled,C312,International,69.0,M
47,Radisson Blu Beke Hotel Budapest,Budapest,Budapest,1067,Hungary,leisure,4.0,1.0,3.0,2.0,2026-03-25 22:31:00,2026-03-27 22:31:00,No,cycle,31851.65,honeymoon,0.0,5733.3,37584.95,3.0,Suite,website,debit_card,guest00047@example.com,confirmed,D401,India,59.0,M
114,Radisson Blu Hotel New Delhi,New Delhi,Delhi,110001,India,leisure,8.0,5.0,3.0,1.0,2025-03-21 18:07:00,2025-03-22 18:07:00,No,cycle,6490.04,students_exploring,973.51,275.83,5792.36,1.0,Deluxe,phone,net_banking,guest00114@example.com,checked_in,A101,International,69.0,M
371,Radisson Blu Hotel Dubai Deira Creek,Dubai,Dubai,12345,UAE,family,8.0,5.0,3.0,8.0,2025-02-27 12:16:00,2025-03-07 12:16:00,Yes,car,128904.0,working_pro_business_trips,6445.2,14695.06,137153.86,1.0,Deluxe,travel_agent,upi,guest00371@example.com,checked_out,A101,International,42.0,M
300,Radisson Blu Hotel Dubai Deira Creek,Dubai,Dubai,12345,UAE,wedding,2.0,1.0,1.0,1.0,2026-07-18 10:49:00,2026-07-19 10:49:00,Yes,bus 11 seater,9719.59,senior_citizens,1943.92,1399.62,9175.29,2.0,Business Class,phone,cash,guest00300@example.com,checked_in,A101,India,48.0,M
193,Radisson Blu Hotel Mumbai,Mumbai,Maharashtra,400051,India,conference,2.0,1.0,1.0,12.0,2025-11-24 21:08:00,2025-12-06 21:08:00,No,e-cycle,299295.4,honeymoon,14964.77,34119.68,318450.31,3.0,Family Room,mobile_app,upi,guest00193@example.com,pending,,International,76.0,OTHER
133,Radisson Blu Beke Hotel Budapest,Budapest,Budapest,1067,Hungary,wedding,1.0,1.0,0.0,5.0,2026-04-01 11:48:00,2026-04-06 11:48:00,,motorcycle,30737.45,honeymoon,3073.74,4979.47,32643.18,1.0,Standard,travel_agent,net_banking,guest00133@example.com,confirmed,E510,International,73.0,F
58,Radisson Blu Hotel Nagpur,Nagpur,Maharashtra,440001,India,transit,4.0,3.0,1.0,8.0,2025-09-28 17:07:00,2025-10-06 17:07:00,No,,139186.45,,20877.97,14197.02,132505.5,1.0,Suite,website,net_banking,guest00058@example.com,checked_out,C312,India,59.0,M
183,Radisson Blu Hotel Mumbai,Mumbai,Maharashtra,400051,India,leisure,5.0,5.0,0.0,7.0,2025-08-21 17:03:00,2025-08-28 17:03:00,No,bus 25 seater,99567.54,honeymoon,9956.75,16129.94,105740.73,2.0,Standard,walk_in,net_banking,guest00183@example.com,checked_out,E510,India,25.0,F
25,Radisson Blu Hotel Bengaluru,Bengaluru,Karnataka,560052,India,wedding,3.0,2.0,1.0,12.0,2025-08-07 16:30:00,2025-08-19 16:30:00,No,car,100606.14,senior_citizens,20121.23,14487.28,94972.19,3.0,Business Class,mobile_app,debit_card,guest00025@example.com,pending,A101,India,33.0,F
18,Radisson Blu Hotel Frankfurt,Frankfurt,Hesse,60329,Germany,transit,3.0,3.0,0.0,4.0,2025-08-04 22:21:00,2025-08-08 22:21:00,No,bus 25 seater,30504.05,honeymoon,0.0,1525.2,32029.25,1.0,Business Class,mobile_app,upi,guest00018@example.com,pending,,International,53.0,OTHER
181,Radisson Blu Hotel New Delhi,New Delhi,Delhi,110001,India,transit,5.0,5.0,0.0,5.0,2025-01-04 13:05:00,2025-01-09 13:05:00,No,car,20250.48,students_exploring,0.0,1012.52,21263.0,1.0,Business Class,corporate_portal,cash,guest00181@example.com,checked_in,,International,23.0,OTHER
67,Radisson Blu Hotel Frankfurt,Frankfurt,Hesse,60329,Germany,business,4.0,4.0,0.0,11.0,2026-06-04 06:09:00,2026-06-15 06:09:00,No,cycle,47417.33,senior_citizens,7112.6,4836.57,45141.3,2.0,Family Room,walk_in,net_banking,guest00067@example.com,checked_out,A101,International,19.0,M
262,Radisson Blu Hotel Bengaluru,Bengaluru,Karnataka,560052,India,business,8.0,4.0,4.0,5.0,2025-08-11 10:26:00,2025-08-16 10:26:00,Yes,car,62787.4,childrens_trips,0.0,7534.49,70321.89,2.0,Standard,walk_in,cash,guest00262@example.com,pending,B205,International,70.0,F
177,art'otel Amsterdam,Amsterdam,North Holland,1012,Netherlands,leisure,2.0,2.0,0.0,8.0,2026-08-03 03:59:00,2026-08-11 03:59:00,,car,28840.91,,1442.05,3287.86,30686.72,3.0,Business Class,corporate_portal,credit_card,guest00177@example.com,cancelled,B205,India,62.0,M
95,Radisson Blu Hotel Amsterdam City Center,Amsterdam,North Holland,1012,Netherlands,family,2.0,2.0,0.0,3.0,2026-06-15 04:19:00,2026-06-18 04:19:00,Yes,bus 25 seater,54769.52,senior_citizens,2738.48,9365.59,61396.63,3.0,Family Room,travel_agent,debit_card,guest00095@example.com,cancelled,E510,India,50.0,OTHER
319,Radisson Blu Hotel Frankfurt,Frankfurt,Hesse,60329,Germany,business,5.0,5.0,0.0,12.0,2025-02-22 21:18:00,2025-03-06 21:18:00,No,bus 25 seater,156557.24,senior_citizens,0.0,28180.3,184737.54,3.0,Business Class,travel_agent,upi,guest00319@example.com,confirmed,,India,56.0,M
385,Radisson Blu Hotel Amsterdam City Center,Amsterdam,North Holland,1012,Netherlands,conference,4.0,2.0,2.0,9.0,2025-04-24 05:15:00,2025-05-03 05:15:00,,bus 11 seater,159385.31,childrens_trips,7969.27,18169.92,169585.96,1.0,Family Room,travel_agent,upi,guest00385@example.com,pending,A101,International,41.0,M
24,Radisson Blu Hotel Dubai Deira Creek,Dubai,Dubai,12345,UAE,family,,4.0,1.0,11.0,2025-05-11 06:26:00,2025-05-22 06:26:00,No,cycle,250195.98,honeymoon,37529.4,38279.98,250946.56,2.0,Business Class,mobile_app,cash,guest00024@example.com,checked_out,E510,International,47.0,F
211,Radisson Blu Beke Hotel Budapest,Budapest,Budapest,1067,Hungary,transit,1.0,1.0,0.0,12.0,2026-07-15 16:23:00,2026-07-27 16:23:00,,motorcycle,67300.85,honeymoon,0.0,12114.15,79415.0,2.0,Family Room,mobile_app,debit_card,guest00211@example.com,confirmed,D401,India,47.0,M
347,Radisson Blu Hotel Mumbai,Mumbai,Maharashtra,400051,India,transit,3.0,3.0,0.0,1.0,2026-03-31 23:41:00,2026-04-01 23:41:00,No,motorcycle,2311.25,working_pro_business_trips,0.0,416.02,2727.27,2.0,Business Class,corporate_portal,net_banking,guest00347@example.com,checked_out,E510,International,47.0,F
308,Radisson Blu Hotel Bengaluru,Bengaluru,Karnataka,560052,India,transit,5.0,5.0,0.0,3.0,2026-04-27 07:14:00,2026-04-30 07:14:00,No,bus 25 seater,30696.07,students_exploring,0.0,5525.29,36221.36,2.0,Standard,website,cash,guest00308@example.com,confirmed,C312,International,47.0,M
6,Radisson Blu Hotel Bengaluru,Bengaluru,Karnataka,560052,India,conference,5.0,5.0,0.0,4.0,2025-05-27 08:08:00,2025-05-31 08:08:00,No,bus 11 seater,76522.88,senior_citizens,7652.29,12396.71,81267.3,3.0,Suite,website,credit_card,guest00006@example.com,confirmed,B205,India,68.0,OTHER
117,Radisson Blu Hotel Amsterdam City Center,Amsterdam,North Holland,1012,Netherlands,family,3.0,2.0,1.0,9.0,2025-07-02 17:25:00,2025-07-11 17:25:00,No,e-cycle,62697.72,,0.0,3134.89,65832.61,3.0,Suite,walk_in,cash,guest00117@example.com,pending,B205,International,40.0,M
46,Radisson Blu Beke Hotel Budapest,,Budapest,1067,Hungary,conference,7.0,5.0,2.0,7.0,2025-11-28 03:49:00,2025-12-05 03:49:00,Yes,bus 11 seater,12786.93,working_pro_business_trips,1918.04,1304.27,12173.16,2.0,Family Room,corporate_portal,cash,guest00046@example.com,confirmed,B205,International,53.0,M
17,???,Amsterdam,North Holland,1012,Netherlands,wedding,6.0,4.0,2.0,3.0,2025-09-08 11:18:00,2025-09-11 11:18:00,Yes,e-cycle,54366.38,working_pro_business_trips,8154.96,8318.06,54529.48,2.0,Standard,mobile_app,upi,guest00017@example.com,confirmed,A101,India,35.0,F
454,art'otel Amsterdam,Amsterdam,North Holland,1012,Netherlands,transit,5.0,4.0,1.0,10.0,2026-05-02 03:21:00,2026-05-12 03:21:00,,bus 11 seater,88677.75,honeymoon,0.0,4433.89,93111.64,3.0,Family Room,corporate_portal,credit_card,guest00454@example.com,pending,B205,India,76.0,F
401,Radisson Blu Hotel Amsterdam City Center,Amsterdam,North Holland,1012,Netherlands,transit,5.0,4.0,1.0,8.0,2025-01-14 05:41:00,2025-01-22 05:41:00,No,bus 25 seater,175645.66,working_pro_business_trips,35129.13,25292.98,165809.51,3.0,Business Class,phone,cash,guest00401@example.com,cancelled,A101,India,26.0,M
4,Radisson Blu Hotel Amsterdam City Center,Amsterdam,,1012,Netherlands,leisure,5.0,4.0,1.0,5.0,2025-08-27 03:24:00,2025-09-01 03:24:00,,bus 25 seater,51320.53,,2566.03,5850.54,54605.04,3.0,Standard,walk_in,debit_card,guest00004@example.com,checked_out,,India,28.0,F
342,Radisson Blu Hotel Nagpur,Nagpur,Maharashtra,440001,India,conference,6.0,4.0,2.0,3.0,2026-05-07 21:19:00,2026-05-10 21:19:00,Yes,e-cycle,57411.15,students_exploring,0.0,6889.34,64300.49,1.0,Business Class,phone,cash,guest00342@example.com,confirmed,,India,42.0,OTHER
447,Radisson Blu Hotel New Delhi,New Delhi,Delhi,110001,India,transit,4.0,4.0,0.0,12.0,2026-06-23 22:30:00,2026-07-05 22:30:00,Yes,bus 11 seater,183402.37,senior_citizens,36680.47,26409.94,173131.84,1.0,Suite,mobile_app,cash,guest00447@example.com,pending,C312,International,74.0,F
61,Radisson Blu Hotel Amsterdam City Center,Amsterdam,North Holland,1012,Netherlands,leisure,1.0,1.0,0.0,10.0,2025-08-06 20:40:00,2025-08-16 20:40:00,Yes,cycle,95374.12,senior_citizens,0.0,17167.34,112541.46,3.0,Deluxe,mobile_app,upi,guest00061@example.com,pending,E510,India,35.0,M
111,Radisson Blu Hotel Frankfurt,Frankfurt,Hesse,60329,Germany,transit,6.0,4.0,2.0,11.0,2025-07-17 05:39:00,2025-07-28 05:39:00,Yes,bus 11 seater,151299.62,senior_citizens,0.0,18155.95,169455.57,2.0,Business Class,mobile_app,credit_card,guest00111@example.com,cancelled,D401,India,46.0,F
477,Park Plaza Vondelpark Amsterdam,Amsterdam,North Holland,0,Netherlands,family,2.0,2.0,0.0,10.0,2026-05-30 03:28:00,2026-06-09 03:28:00,No,motorcycle,31683.84,,0.0,1584.19,33268.03,3.0,Standard,phone,debit_card,guest00477@example.com,confirmed,C312,India,42.0,M
302,Radisson Blu Hotel New Delhi,New Delhi,Delhi,110001,India,transit,6.0,5.0,1.0,3.0,2026-01-20 20:34:00,2026-01-23 20:34:00,No,e-cycle,18441.57,honeymoon,0.0,2212.99,20654.56,2.0,Suite,website,cash,guest00302@example.com,pending,C312,International,71.0,F
30,Radisson Blu Beke Hotel Budapest,Budapest,NULL,1067,Hungary,conference,4.0,3.0,1.0,7.0,2026-03-23 15:01:00,2026-03-30 15:01:00,Yes,cycle,142218.31,working_pro_business_trips,28443.66,5688.73,119463.38,1.0,Suite,walk_in,net_banking,guest00030@example.com,confirmed,A101,International,26.0,F
176,Radisson Blu Hotel Dubai Deira Creek,Dubai,Dubai,12345,UAE,leisure,2.0,2.0,0.0,10.0,2026-01-01 07:42:00,2026-01-11 07:42:00,,car,188286.83,,9414.34,8943.62,187816.11,3.0,Suite,walk_in,credit_card,guest00176@example.com,pending,E510,International,76.0,OTHER
226,Radisson Blu Hotel Amsterdam City Center,Amsterdam,North Holland,1012,Netherlands,leisure,3.0,3.0,0.0,12.0,2025-11-09 06:47:00,2025-11-21 06:47:00,Yes,bus 11 seater,273726.84,working_pro_business_trips,41059.03,11633.39,244301.2,2.0,Deluxe,website,debit_card,guest00226@example.com,checked_out,A101,International,59.0,OTHER
27,art'otel Amsterdam,Amsterdam,North Holland,1012,Netherlands,transit,9.0,5.0,4.0,8.0,2025-05-05 14:08:00,2025-05-13 14:08:00,,motorcycle,124915.95,working_pro_business_trips,12491.59,20236.38,132660.74,2.0,Deluxe,phone,cash,guest00027@example.com,checked_in,C312,India,71.0,OTHER
445,Radisson Blu Hotel Amsterdam City Center,Amsterdam,North Holland,1012,Netherlands,wedding,2.0,2.0,0.0,3.0,2025-05-02 04:56:00,2025-05-05 04:56:00,No,e-cycle,31722.41,senior_citizens,1586.12,3616.35,33752.64,1.0,Family Room,walk_in,debit_card,guest00445@example.com,checked_out,C312,India,38.0,M
109,Radisson Blu Hotel Amsterdam City Center,Amsterdam,North Holland,1012,Netherlands,conference,4.0,1.0,3.0,12.0,2026-08-11 07:34:00,2026-08-23 07:34:00,No,bus 11 seater,70338.03,,0.0,3516.9,73854.93,2.0,Standard,website,upi,guest00109@example.com,checked_out,E510,India,77.0,F
38,Radisson Blu Hotel New Delhi,New Delhi,Delhi,110001,India,wedding,2.0,2.0,0.0,12.0,2025-05-03 23:34:00,2025-05-15 23:34:00,,cycle,227227.54,childrens_trips,11361.38,38855.91,254722.07,1.0,Deluxe,travel_agent,debit_card,guest00038@example.com,cancelled,B205,International,18.0,OTHER
158,Radisson Blu Hotel Dubai Deira Creek,Dubai,Dubai,12345,UAE,business,2.0,1.0,1.0,7.0,2026-03-02 13:44:00,2026-03-09 13:44:00,No,car,99915.23,working_pro_business_trips,0.0,11989.83,111905.06,1.0,Deluxe,walk_in,upi,guest00158@example.com,checked_in,E510,India,37.0,OTHER
458,Radisson Blu Hotel Mumbai,Mumbai,Maharashtra,400051,India,leisure,3.0,2.0,1.0,11.0,2026-04-14 12:58:00,2026-04-25 12:58:00,Yes,bus 25 seater,44180.32,,8836.06,1767.21,37111.47,3.0,Business Class,phone,credit_card,guest00458@example.com,pending,D401,International,66.0,OTHER
119,art'otel Amsterdam,Amsterdam,North Holland,1012,Netherlands,family,2.0,2.0,0.0,1.0,2026-07-07 06:48:00,2026-07-08 06:48:00,,cycle,8510.91,,1702.18,1225.57,8034.3,2.0,Deluxe,travel_agent,debit_card,guest00119@example.com,checked_out,B205,International,37.0,F
115,Radisson Blu Hotel Bengaluru,Bengaluru,Karnataka,560052,India,business,5.0,5.0,0.0,8.0,2025-05-16 16:26:00,2025-05-24 16:26:00,No,bus 25 seater,100217.41,honeymoon,5010.87,17137.18,112343.72,3.0,Deluxe,walk_in,credit_card,guest00115@example.com,confirmed,D401,International,62.0,M
228,Radisson Blu Hotel Frankfurt,Frankfurt,Hesse,60329,Germany,business,,5.0,1.0,3.0,2025-11-10 22:37:00,2025-11-13 22:37:00,No,bus 11 seater,61615.9,senior_citizens,6161.59,2772.72,58227.03,3.0,Suite,travel_agent,upi,guest00228@example.com,pending,,International,74.0,F
173,Radisson Blu Beke Hotel Budapest,Budapest,Budapest,1067,Hungary,leisure,7.0,5.0,2.0,4.0,2026-07-01 23:03:00,2026-07-05 23:03:00,Yes,cycle,81197.86,childrens_trips,4059.89,3856.9,80994.87,3.0,Business Class,walk_in,credit_card,guest00173@example.com,cancelled,E510,India,54.0,M
145,Radisson Blu Hotel Mumbai,Mumbai,Maharashtra,400051,India,family,3.0,2.0,1.0,9.0,2025-07-10 15:40:00,2025-07-19 15:40:00,No,cycle,118437.26,honeymoon,0.0,5921.86,124359.12,2.0,Standard,corporate_portal,debit_card,guest00145@example.com,pending,D401,International,44.0,OTHER
363,Radisson Blu Hotel Amsterdam City Center,Amsterdam,North Holland,1012,Netherlands,wedding,5.0,5.0,0.0,1.0,2025-04-12 18:48:00,2025-04-13 18:48:00,Yes,e-cycle,6243.9,honeymoon,312.19,296.59,6228.3,1.0,Family Room,phone,cash,guest00363@example.com,cancelled,,India,46.0,OTHER
475,Park Plaza Vondelpark Amsterdam,Amsterdam,North Holland,1071,Netherlands,family,8.0,5.0,3.0,5.0,2026-03-14 08:44:00,2026-03-19 08:44:00,,motorcycle,85384.38,,8538.44,13832.27,90678.21,1.0,Standard,phone,net_banking,guest00475@example.com,cancelled,B205,International,65.0,M
186,Radisson Blu Beke Hotel Budapest,Budapest,Budapest,1067,Hungary,wedding,5.0,5.0,0.0,10.0,2026-01-28 20:31:00,2026-02-07 20:31:00,,e-cycle,57950.34,,5795.03,2607.77,54763.08,2.0,Standard,corporate_portal,upi,guest00186@example.com,pending,A101,International,76.0,F
204,Radisson Blu Hotel New Delhi,New Delhi,Delhi,110001,India,family,1.0,1.0,0.0,2.0,2026-03-13 23:07:00,2026-03-15 23:07:00,No,motorcycle,10021.5,working_pro_business_trips,2004.3,400.86,8418.06,2.0,Standard,travel_agent,upi,guest00204@example.com,pending,,International,43.0,F
419,Radisson Blu Beke Hotel Budapest,Budapest,Budapest,1067,Hungary,business,3.0,1.0,2.0,8.0,2026-01-19 09:18:00,2026-01-27 09:18:00,No,bus 25 seater,40781.15,senior_citizens,6117.17,4159.68,38823.66,1.0,Suite,website,credit_card,guest00419@example.com,checked_out,C312,India,73.0,M
437,Radisson Blu Hotel Amsterdam City Center,Amsterdam,North Holland,1012,Netherlands,transit,1.0,1.0,0.0,8.0,2025-05-11 01:58:00,2025-05-19 01:58:00,Yes,cycle,130619.98,honeymoon,0.0,6531.0,137150.98,2.0,Suite,corporate_portal,credit_card,guest00437@example.com,checked_out,D401,India,73.0,OTHER
142,Radisson Blu Hotel Mumbai,Mumbai,Maharashtra,400051,India,transit,2.0,2.0,0.0,7.0,2026-04-19 07:51:00,2026-04-26 07:51:00,,bus 11 seater,119346.8,students_exploring,11934.68,5370.61,112782.73,3.0,Suite,corporate_portal,credit_card,guest00142@example.com,pending,B205,International,66.0,OTHER
359,Radisson Blu Beke Hotel Budapest,Budapest,Budapest,1067,Hungary,wedding,2.0,2.0,0.0,6.0,2026-01-17 15:26:00,2026-01-23 15:26:00,,e-cycle,,working_pro_business_trips,0.0,1615.7,33929.74,3.0,Family Room,phone,credit_card,guest00359@example.com,checked_in,D401,India,25.0,M
68,Radisson Blu Beke Hotel Budapest,Budapest,Budapest,1067,Hungary,leisure,4.0,2.0,2.0,1.0,2025-11-13 10:22:00,2025-11-14 10:22:00,,e-cycle,14938.65,honeymoon,1493.87,672.24,14117.02,1.0,Family Room,mobile_app,cash,guest00068@example.com,checked_in,D401,International,28.0,F
200,Radisson Blu Hotel Nagpur,Nagpur,Maharashtra,440001,India,transit,5.0,5.0,0.0,9.0,2026-01-20 20:16:00,2026-01-29 20:16:00,Yes,car,223889.23,,44777.85,8955.57,188066.95,1.0,Suite,corporate_portal,cash,guest00200@example.com,confirmed,E510,International,48.0,OTHER
169,Radisson Blu Hotel Amsterdam City Center,Amsterdam,North Holland,1012,Netherlands,transit,2.0,2.0,0.0,1.0,2025-05-24 03:00:00,2025-05-25 03:00:00,,car,20909.22,working_pro_business_trips,1045.46,3575.48,23439.24,3.0,Business Class,website,credit_card,guest00169@example.com,confirmed,B205,International,69.0,M
369,Radisson Blu Hotel Dubai Deira Creek,Dubai,Dubai,12345,UAE,wedding,4.0,4.0,0.0,5.0,2026-05-20 14:12:00,2026-05-25 14:12:00,Yes,car,39353.17,students_exploring,1967.66,6729.39,44114.9,1.0,Suite,corporate_portal,upi,guest00369@example.com,checked_in,D401,International,20.0,M
403,Park Plaza Vondelpark Amsterdam,Amsterdam,North Holland,1071,Netherlands,business,5.0,4.0,1.0,1.0,2026-04-01 15:30:00,2026-04-02 15:30:00,No,car,6471.05,honeymoon,970.66,660.05,6160.44,3.0,Suite,corporate_portal,cash,guest00403@example.com,checked_out,E510,International,20.0,F
235,Radisson Blu Hotel Nagpur,Nagpur,Maharashtra,440001,India,leisure,5.0,5.0,0.0,10.0,2025-09-07 01:08:00,2025-09-17 01:08:00,Yes,bus 11 seater,164053.38,childrens_trips,0.0,29529.61,193582.99,1.0,Family Room,corporate_portal,net_banking,guest00235@example.com,checked_out,,India,74.0,OTHER
110,Radisson Blu Beke Hotel Budapest,Budapest,Budapest,1067,Hungary,family,6.0,4.0,2.0,9.0,2026-04-11 20:34:00,2026-04-20 20:34:00,Yes,car,44220.95,childrens_trips,6633.14,4510.54,42098.35,1.0,Suite,phone,upi,guest00110@example.com,pending,A101,International,68.0,F
478,Radisson Blu Beke Hotel Budapest,Budapest,Budapest,1067,Hungary,business,2.0,2.0,0.0,10.0,2025-03-07 10:01:00,2025-03-17 10:01:00,No,car,174090.67,,0.0,8704.53,182795.2,3.0,Standard,website,debit_card,guest00478@example.com,checked_out,A101,International,56.0,OTHER
146,Radisson Blu Hotel Bengaluru,Bengaluru,Karnataka,560052,India,business,4.0,4.0,0.0,8.0,2026-03-02 22:53:00,2026-03-10 22:53:00,No,bus 11 seater,119337.83,working_pro_business_trips,0.0,14320.54,133658.37,2.0,Deluxe,corporate_portal,net_banking,guest00146@example.com,checked_in,E510,India,54.0,M
457,Radisson Blu Hotel Frankfurt,Frankfurt,Hesse,60329,Germany,family,4.0,4.0,0.0,10.0,2025-09-10 16:21:00,2025-09-20 16:21:00,,motorcycle,151662.8,childrens_trips,30332.56,6066.51,127396.75,3.0,Business Class,corporate_portal,net_banking,guest00457@example.com,pending,D401,India,29.0,OTHER
153,art'otel Amsterdam,Amsterdam,North Holland,1012,Netherlands,leisure,1.0,1.0,0.0,12.0,2026-03-16 20:05:00,2026-03-28 20:05:00,,e-cycle,154342.99,NULL,0.0,27781.74,182124.73,1.0,Standard,phone,upi,guest00153@example.com,confirmed,D401,India,48.0,M
254,Radisson Blu Hotel New Delhi,New Delhi,Delhi,110001,India,transit,6.0,4.0,2.0,8.0,2025-11-29 21:32:00,2025-12-07 21:32:00,Yes,bus 11 seater,85126.78,,4256.34,9704.45,90574.89,2.0,Suite,phone,net_banking,guest00254@example.com,checked_out,D401,India,23.0,M
219,Radisson Blu Hotel Frankfurt,Frankfurt,Hesse,60329,Germany,transit,3.0,3.0,0.0,11.0,2025-02-22 20:39:00,2025-03-05 20:39:00,No,cycle,165947.17,senior_citizens,8297.36,7882.49,165532.3,1.0,Family Room,website,net_banking,guest00219@example.com,pending,D401,International,23.0,F
84,art'otel Amsterdam,Amsterdam,North Holland,1012,Netherlands,conference,5.0,4.0,1.0,4.0,2025-11-05 03:03:00,2025-11-09 03:03:00,,cycle,64996.82,honeymoon,0.0,3249.84,68246.66,3.0,Family Room,walk_in,debit_card,guest00084@example.com,pending,C312,International,18.0,OTHER
297,Radisson Blu Hotel Amsterdam City Center,Amsterdam,North Holland,1012,Netherlands,wedding,4.0,4.0,0.0,5.0,2026-03-14 17:04:00,2026-03-19 17:04:00,No,cycle,89575.85,senior_citizens,4478.79,10211.65,95308.71,3.0,Deluxe,walk_in,credit_card,guest00297@example.com,confirmed,E510,India,48.0,OTHER
166,Radisson Blu Hotel Dubai Deira Creek,Dubai,Dubai,12345,UAE,leisure,2.0,1.0,1.0,7.0,2025-05-17 20:52:00,2025-05-24 20:52:00,No,bus 25 seater,22714.74,childrens_trips,4542.95,908.59,19080.38,2.0,Business Class,travel_agent,cash,guest00166@example.com,cancelled,B205,India,78.0,M
249,Radisson Blu Hotel Dubai Deira Creek,Dubai,Dubai,12345,UAE,business,2.0,,0.0,10.0,2025-10-14 12:14:00,2025-10-24 12:14:00,,bus 25 seater,203430.62,students_exploring,20343.06,32955.76,216043.32,3.0,Deluxe,corporate_portal,credit_card,guest00249@example.com,checked_out,D401,International,62.0,M
229,Radisson Blu Hotel Bengaluru,Bengaluru,Karnataka,560052,India,family,5.0,4.0,1.0,5.0,2026-04-02 11:49:00,2026-04-07 11:49:00,Yes,cycle,29389.34,senior_citizens,4408.4,1249.05,26229.99,2.0,Standard,phone,credit_card,guest00229@example.com,confirmed,E510,India,70.0,OTHER
75,Radisson Blu Hotel Frankfurt,Frankfurt,Hesse,60329,Germany,business,3.0,3.0,0.0,2.0,2025-02-27 11:32:00,2025-03-01 11:32:00,,car,5344.98,working_pro_business_trips,267.25,609.33,5687.06,3.0,Family Room,corporate_portal,cash,guest00075@example.com,checked_out,E510,India,46.0,OTHER
400,Radisson Blu Hotel Mumbai,Mumbai,Maharashtra,400051,India,leisure,6.0,4.0,2.0,12.0,2025-11-01 10:37:00,2025-11-13 10:37:00,Yes,bus 11 seater,146865.5,honeymoon,7343.27,16742.67,156264.9,3.0,Family Room,travel_agent,credit_card,guest00400@example.com,checked_in,E510,India,18.0,F
267,Radisson Blu Hotel Dubai Deira Creek,Dubai,Dubai,12345,UAE,wedding,5.0,5.0,0.0,3.0,2026-05-17 06:36:00,2026-05-20 06:36:00,Yes,car,56375.21,working_pro_business_trips,2818.76,,63196.61,1.0,Suite,travel_agent,upi,guest00267@example.com,checked_out,C312,International,18.0,OTHER
239,art'otel Amsterdam,Amsterdam,North Holland,1012,Netherlands,wedding,4.0,4.0,0.0,9.0,2025-03-27 09:38:00,2025-04-05 09:38:00,,car,17342.02,working_pro_business_trips,3468.4,693.68,14567.3,1.0,Suite,phone,debit_card,guest00239@example.com,cancelled,D401,International,24.0,M
278,Radisson Blu Hotel Frankfurt,Frankfurt,Hesse,60329,Germany,leisure,1.0,1.0,0.0,5.0,2025-02-20 17:25:00,2025-02-25 17:25:00,No,cycle,59400.97,senior_citizens,11880.19,2376.04,49896.82,2.0,Suite,phone,net_banking,guest00278@example.com,pending,E510,India,33.0,M
295,Radisson Blu Hotel Frankfurt,Frankfurt,Hesse,60329,Germany,leisure,4.0,3.0,1.0,9.0,2025-01-07 07:56:00,2025-01-16 07:56:00,Yes,car,132616.16,,0.0,6630.81,139246.97,2.0,Standard,mobile_app,credit_card,guest00295@example.com,checked_out,E510,International,39.0,M
442,Radisson Blu Hotel Bengaluru,Bengaluru,Karnataka,560052,India,family,2.0,2.0,0.0,4.0,2025-08-13 00:40:00,2025-08-17 00:40:00,,motorcycle,26979.25,senior_citizens,2697.93,4370.64,28651.96,2.0,Deluxe,website,upi,guest00442@example.com,confirmed,A101,International,19.0,OTHER
348,Radisson Blu Hotel Frankfurt,Frankfurt,Hesse,60329,Germany,family,,2.0,0.0,5.0,2025-05-16 09:10:00,2025-05-21 09:10:00,No,motorcycle,121603.99,senior_citizens,0.0,6080.2,127684.19,3.0,Deluxe,phone,net_banking,guest00348@example.com,cancelled,B205,India,71.0,OTHER
352,art'otel Amsterdam,Amsterdam,North Holland,1012,Netherlands,conference,7.0,5.0,2.0,2.0,2025-10-12 06:01:00,2025-10-14 06:01:00,Yes,motorcycle,35015.74,childrens_trips,0.0,6302.83,41318.57,3.0,Family Room,walk_in,credit_card,guest00352@example.com,cancelled,D401,India,63.0,F
223,Radisson Blu Hotel Nagpur,Nagpur,Maharashtra,440001,India,conference,4.0,3.0,1.0,3.0,2025-03-31 02:03:00,2025-04-03 02:03:00,No,motorcycle,45417.38,,0.0,5450.09,50867.47,2.0,Suite,travel_agent,credit_card,guest00223@example.com,checked_in,,India,52.0,M
376,Radisson Blu Hotel Bengaluru,Bengaluru,Karnataka,560052,India,transit,7.0,5.0,2.0,1.0,2026-07-15 05:56:00,2026-07-16 05:56:00,No,bus 25 seater,,,0.0,2732.9,17915.66,3.0,Family Room,corporate_portal,net_banking,guest00376@example.com,confirmed,E510,India,41.0,F
407,Radisson Blu Hotel Bengaluru,Bengaluru,Karnataka,560052,India,transit,5.0,,4.0,9.0,2025-11-07 07:13:00,2025-11-16 07:13:00,Yes,bus 11 seater,91114.67,working_pro_business_trips,4555.73,10387.07,96946.01,1.0,Standard,travel_agent,cash,guest00407@example.com,confirmed,E510,India,25.0,OTHER
37,art'otel Amsterdam,Amsterdam,North Holland,1012,Netherlands,transit,5.0,5.0,0.0,5.0,2026-02-19 22:15:00,2026-02-24 22:15:00,,bus 25 seater,73202.86,childrens_trips,3660.14,8345.13,77887.85,3.0,Suite,travel_agent,upi,guest00037@example.com,cancelled,B205,India,64.0,M
197,Radisson Blu Hotel Frankfurt,Frankfurt,Hesse,60329,Germany,conference,3.0,2.0,1.0,2.0,2025-06-12 15:50:00,2025-06-14 15:50:00,No,car,32993.82,honeymoon,3299.38,3563.33,33257.77,3.0,Deluxe,phone,upi,guest00197@example.com,confirmed,C312,India,19.0,OTHER
140,Radisson Blu Hotel Mumbai,Mumbai,Maharashtra,400051,India,family,5.0,5.0,0.0,12.0,2026-04-20 21:37:00,2026-05-02 21:37:00,No,car,299360.44,honeymoon,29936.04,13471.22,282895.62,3.0,Deluxe,travel_agent,upi,guest00140@example.com,cancelled,D401,India,51.0,F
358,Park Plaza Vondelpark Amsterdam,Amsterdam,North Holland,1071,Netherlands,family,5.0,5.0,0.0,3.0,2025-04-07 19:48:00,2025-04-10 19:48:00,,e-cycle,27408.25,,5481.65,2631.19,24557.79,2.0,Standard,walk_in,net_banking,guest00358@example.com,cancelled,B205,India,26.0,OTHER
413,Radisson Blu Hotel Bengaluru,Bengaluru,Karnataka,560052,India,leisure,5.0,4.0,1.0,10.0,2025-07-30 17:39:00,2025-08-09 17:39:00,No,car,223940.58,honeymoon,44788.12,21498.3,200650.76,3.0,Business Class,corporate_portal,debit_card,guest00413@example.com,checked_out,E510,International,31.0,M
281,Radisson Blu Hotel New Delhi,New Delhi,Delhi,110001,India,wedding,2.0,2.0,0.0,4.0,2025-08-03 23:34:00,2025-08-07 23:34:00,,bus 11 seater,76832.96,,11524.94,7836.96,73144.98,3.0,Standard,corporate_portal,net_banking,guest00281@example.com,checked_out,A101,International,28.0,M
282,Radisson Blu Beke Hotel Budapest,Budapest,Budapest,1067,Hungary,transit,1.0,1.0,0.0,5.0,2025-07-25 22:39:00,2025-07-30 22:39:00,No,e-cycle,118640.47,,0.0,14236.86,132877.33,2.0,Standard,website,upi,guest00282@example.com,checked_in,B205,International,50.0,OTHER
60,Radisson Blu Hotel Amsterdam City Center,Amsterdam,North Holland,1012,Netherlands,family,2.0,1.0,1.0,5.0,2026-05-17 19:26:00,2026-05-22 19:26:00,Yes,e-cycle,34203.28,childrens_trips,3420.33,1539.15,32322.1,3.0,Business Class,website,cash,guest00060@example.com,cancelled,B205,India,78.0,F
112,Radisson Blu Hotel New Delhi,New Delhi,Delhi,110001,India,transit,1.0,1.0,0.0,10.0,2025-11-06 18:46:00,2025-11-16 18:46:00,Yes,motorcycle,101416.09,childrens_trips,0.0,5070.8,106486.89,1.0,Suite,phone,net_banking,guest00112@example.com,cancelled,,India,58.0,F
288,Radisson Blu Hotel Frankfurt,Frankfurt,Hesse,60329,Germany,leisure,4.0,2.0,2.0,6.0,2026-04-26 22:41:00,2026-05-02 22:41:00,Yes,car,79209.23,students_exploring,0.0,3960.46,83169.69,1.0,Business Class,corporate_portal,debit_card,guest00288@example.com,pending,B205,India,29.0,F
410,Radisson Blu Hotel Bengaluru,Bengaluru,Karnataka,560052,India,transit,3.0,3.0,0.0,8.0,2026-03-02 00:15:00,2026-03-10 00:15:00,No,bus 25 seater,46186.19,,2309.31,5265.23,49142.11,3.0,Deluxe,mobile_app,net_banking,guest00410@example.com,checked_in,B205,India,69.0,F
7,Radisson Blu Hotel Mumbai,Mumbai,Maharashtra,400051,India,transit,4.0,4.0,0.0,10.0,2025-03-07 12:24:00,2025-03-17 12:24:00,Yes,e-cycle,243290.18,working_pro_business_trips,0.0,43792.23,287082.41,2.0,Business Class,website,upi,guest00007@example.com,checked_in,B205,International,18.0,OTHER
354,Radisson Blu Hotel Frankfurt,Frankfurt,Hesse,60329,Germany,wedding,8.0,4.0,4.0,5.0,2025-03-30 04:13:00,2025-04-04 04:13:00,No,car,69934.92,honeymoon,3496.75,3321.91,69760.08,2.0,Business Class,corporate_portal,debit_card,guest00354@example.com,checked_out,D401,India,30.0,M
424,Park Plaza Vondelpark Amsterdam,Amsterdam,North Holland,1071,Netherlands,business,5.0,4.0,1.0,5.0,2025-09-19 02:09:00,2025-09-24 02:09:00,,car,15833.99,childrens_trips,791.7,752.11,15794.4,2.0,Standard,travel_agent,debit_card,guest00424@example.com,checked_in,C312,International,42.0,M
333,Radisson Blu Hotel Nagpur,Nagpur,Maharashtra,440001,India,wedding,3.0,3.0,0.0,2.0,2025-06-27 10:04:00,2025-06-29 10:04:00,Yes,motorcycle,22863.16,senior_citizens,4572.63,2194.86,20485.39,3.0,Standard,mobile_app,credit_card,guest00333@example.com,checked_out,D401,India,19.0,F
159,Radisson Blu Hotel Mumbai,Mumbai,Maharashtra,400051,India,transit,4.0,4.0,0.0,2.0,2025-09-02 01:15:00,2025-09-04 01:15:00,,e-cycle,32010.57,,0.0,3841.27,35851.84,1.0,Standard,website,debit_card,guest00159@example.com,confirmed,B205,International,78.0,F
151,Radisson Blu Hotel New Delhi,New Delhi,Delhi,110001,India,family,6.0,4.0,2.0,4.0,2025-03-06 17:25:00,2025-03-10 17:25:00,,cycle,53109.55,senior_citizens,2655.48,,56508.56,3.0,Suite,travel_agent,credit_card,guest00151@example.com,confirmed,A101,International,19.0,M
178,Radisson Blu Hotel New Delhi,New Delhi,Delhi,110001,India,conference,1.0,1.0,0.0,1.0,2025-09-20 03:46:00,2025-09-21 03:46:00,No,bus 25 seater,18795.96,working_pro_business_trips,0.0,2255.52,21051.48,2.0,Standard,corporate_portal,net_banking,guest00178@example.com,pending,B205,International,22.0,M
387,Radisson Blu Hotel New Delhi,New Delhi,Delhi,110001,India,conference,5.0,5.0,0.0,1.0,2025-06-24 18:07:00,2025-06-25 18:07:00,Yes,bus 11 seater,23143.75,,2314.38,3749.29,24578.66,1.0,Deluxe,travel_agent,upi,guest00387@example.com,checked_in,D401,India,45.0,M
185,Radisson Blu Beke Hotel Budapest,Budapest,Budapest,1067,Hungary,leisure,,5.0,1.0,1.0,2026-06-17 14:58:00,2026-06-18 14:58:00,Yes,cycle,19935.11,working_pro_business_trips,0.0,2392.21,22327.32,3.0,Standard,website,net_banking,guest00185@example.com,confirmed,C312,International,74.0,F
279,Radisson Blu Beke Hotel Budapest,Budapest,Budapest,1067,Hungary,leisure,1.0,1.0,0.0,10.0,2026-03-17 10:43:00,2026-03-27 10:43:00,No,bus 25 seater,113951.04,working_pro_business_trips,5697.55,12990.42,121243.91,3.0,Standard,travel_agent,,guest00279@example.com,cancelled,E510,International,57.0,M
11,Radisson Blu Hotel Nagpur,Nagpur,Maharashtra,440001,India,leisure,3.0,3.0,0.0,1.0,2025-08-23 02:57:00,2025-08-24 02:57:00,,bus 11 seater,7321.71,,1464.34,702.88,6560.25,3.0,Family Room,corporate_portal,debit_card,guest00011@example.com,checked_in,D401,India,24.0,M
374,Radisson Blu Hotel New Delhi,New Delhi,Delhi,110001,India,leisure,4.0,4.0,0.0,6.0,2025-06-20 19:19:00,2025-06-26 19:19:00,No,bus 25 seater,99253.83,honeymoon,0.0,17865.69,117119.52,2.0,Family Room,corporate_portal,debit_card,guest00374@example.com,checked_out,,India,63.0,OTHER
104,Radisson Blu Hotel Frankfurt,Frankfurt,Hesse,60329,Germany,business,2.0,2.0,0.0,11.0,2026-01-25 04:52:00,2026-02-05 04:52:00,No,bus 25 seater,261781.96,students_exploring,0.0,13089.1,274871.06,1.0,Suite,phone,debit_card,guest00104@example.com,checked_in,E510,International,73.0,OTHER
82,Park Plaza Vondelpark Amsterdam,Amsterdam,North Holland,1071,Netherlands,conference,6.0,4.0,2.0,4.0,2026-03-24 02:58:00,2026-03-28 02:58:00,,bus 25 seater,93547.79,senior_citizens,9354.78,4209.65,88402.66,2.0,Standard,travel_agent,debit_card,guest00082@example.com,confirmed,C312,India,71.0,OTHER
39,Radisson Blu Hotel Dubai Deira Creek,Dubai,Dubai,12345,UAE,business,5.0,5.0,0.0,1.0,2025-05-10 08:02:00,2025-05-11 08:02:00,Yes,cycle,23702.88,childrens_trips,4740.58,2275.48,21237.78,2.0,Suite,corporate_portal,upi,guest00039@example.com,pending,A101,International,78.0,F
409,Radisson Blu Hotel Nagpur,Nagpur,Maharashtra,440001,India,family,3.0,1.0,2.0,11.0,2026-06-04 03:10:00,2026-06-15 03:10:00,,motorcycle,252283.57,working_pro_business_trips,0.0,45411.04,297694.61,2.0,Standard,mobile_app,upi,guest00409@example.com,cancelled,B205,India,72.0,M
168,Radisson Blu Hotel Frankfurt,Frankfurt,Hesse,60329,Germany,wedding,2.0,2.0,0.0,6.0,2025-02-11 06:53:00,2025-02-17 06:53:00,Yes,e-cycle,45352.06,childrens_trips,2267.6,5170.14,48254.6,2.0,Deluxe,website,cash,guest00168@example.com,checked_in,E510,India,24.0,F
460,Radisson Blu Hotel Mumbai,Mumbai,Maharashtra,400051,India,business,2.0,2.0,0.0,2.0,2025-02-08 00:16:00,2025-02-10 00:16:00,Yes,cycle,38338.57,,3833.86,4140.57,38645.28,1.0,Suite,mobile_app,cash,guest00460@example.com,cancelled,B205,India,71.0,M
292,Radisson Blu Hotel Frankfurt,Frankfurt,Hesse,60329,Germany,transit,4.0,3.0,1.0,5.0,2025-07-26 14:05:00,2025-07-31 14:05:00,Yes,car,114230.85,honeymoon,0.0,20561.55,134792.4,3.0,Suite,phone,upi,guest00292@example.com,confirmed,E510,International,64.0,OTHER
368,Radisson Blu Hotel Bengaluru,Bengaluru,Karnataka,560052,India,transit,1.0,1.0,0.0,3.0,2026-05-25 07:40:00,2026-05-28 07:40:00,Yes,bus 11 seater,9078.53,students_exploring,0.0,1089.42,10167.95,3.0,Business Class,mobile_app,upi,guest00368@example.com,checked_out,E510,India,66.0,M
199,Park Plaza Vondelpark Amsterdam,Amsterdam,North Holland,1071,Netherlands,leisure,5.0,2.0,3.0,4.0,2025-12-17 15:22:00,2025-12-21 15:22:00,Yes,e-cycle,92409.46,senior_citizens,9240.95,4158.43,87326.94,1.0,Standard,walk_in,net_banking,guest00199@example.com,pending,A101,International,63.0,OTHER
355,Radisson Blu Hotel Mumbai,Mumbai,Maharashtra,400051,India,conference,5.0,3.0,2.0,1.0,2025-10-24 17:31:00,2025-10-25 17:31:00,Yes,car,8850.81,honeymoon,1327.62,1354.17,8877.36,1.0,Business Class,travel_agent,cash,guest00355@example.com,confirmed,,International,44.0,M
251,Radisson Blu Hotel New Delhi,New Delhi,Delhi,110001,India,business,3.0,2.0,1.0,8.0,2026-01-09 12:17:00,2026-01-17 12:17:00,,bus 25 seater,196152.97,senior_citizens,39230.59,7846.12,164768.5,3.0,Suite,corporate_portal,debit_card,guest00251@example.com,pending,,India,48.0,M
248,Radisson Blu Hotel Frankfurt,Frankfurt,Hesse,60329,Germany,wedding,4.0,1.0,3.0,2.0,2025-12-31 04:49:00,2026-01-02 04:49:00,Yes,cycle,34957.68,honeymoon,6991.54,3355.94,31322.08,2.0,Business Class,walk_in,upi,guest00248@example.com,checked_in,E510,International,49.0,M
195,Radisson Blu Hotel Mumbai,Mumbai,Maharashtra,400051,India,wedding,3.0,3.0,0.0,10.0,2025-12-06 11:16:00,2025-12-16 11:16:00,,cycle,45325.3,honeymoon,0.0,8158.55,53483.85,2.0,Deluxe,walk_in,credit_card,guest00195@example.com,checked_in,E510,International,44.0,M
90,Radisson Blu Hotel Amsterdam City Center,Amsterdam,North Holland,1012,Netherlands,conference,5.0,2.0,3.0,12.0,2026-02-20 11:32:00,2026-03-04 11:32:00,Yes,bus 11 seater,61349.8,honeymoon,9202.47,9386.52,61533.85,1.0,Business Class,travel_agent,cash,guest00090@example.com,checked_out,A101,India,61.0,F
147,Radisson Blu Beke Hotel Budapest,Budapest,Budapest,1067,Hungary,transit,4.0,4.0,0.0,1.0,2026-07-11 11:34:00,2026-07-12 11:34:00,Yes,bus 25 seater,24762.8,honeymoon,0.0,4457.3,29220.1,2.0,Business Class,travel_agent,credit_card,guest00147@example.com,checked_in,A101,India,31.0,OTHER
164,art'otel Amsterdam,Amsterdam,North Holland,1012,Netherlands,business,3.0,2.0,1.0,8.0,2026-04-21 11:37:00,2026-04-29 11:37:00,No,car,115841.4,senior_citizens,0.0,5792.07,121633.47,3.0,Business Class,phone,credit_card,guest00164@example.com,cancelled,A101,International,72.0,OTHER
256,Radisson Blu Beke Hotel Budapest,Budapest,Budapest,1067,Hungary,business,1.0,1.0,0.0,7.0,2025-03-23 06:10:00,2025-03-30 06:10:00,Yes,motorcycle,164735.29,working_pro_business_trips,16473.53,26687.12,174948.88,1.0,Standard,travel_agent,net_banking,guest00256@example.com,pending,A101,International,37.0,M
148,Radisson Blu Hotel Frankfurt,Frankfurt,Hesse,60329,Germany,business,4.0,4.0,0.0,11.0,2025-12-26 22:39:00,2026-01-06 22:39:00,,bus 25 seater,55332.76,working_pro_business_trips,0.0,2766.64,58099.4,2.0,Family Room,walk_in,debit_card,guest00148@example.com,cancelled,,International,36.0,OTHER
3,Radisson Blu Hotel Frankfurt,Frankfurt,Hesse,60329,Germany,family,5.0,5.0,0.0,8.0,2025-09-28 01:46:00,2025-10-06 01:46:00,,cycle,185578.02,childrens_trips,0.0,33404.04,218982.06,3.0,Deluxe,phone,credit_card,guest00003@example.com,confirmed,,India,67.0,F
93,Park Plaza Vondelpark Amsterdam,Amsterdam,North Holland,1071,Netherlands,business,5.0,1.0,4.0,4.0,2025-06-28 11:32:00,2025-07-02 11:32:00,No,cycle,80703.69,working_pro_business_trips,0.0,9684.44,90388.13,2.0,Suite,walk_in,debit_card,guest00093@example.com,checked_out,A101,India,37.0,F
393,Radisson Blu Hotel Amsterdam City Center,Amsterdam,North Holland,1012,Netherlands,leisure,7.0,5.0,2.0,3.0,2025-07-28 09:11:00,2025-07-31 09:11:00,,car,44602.02,working_pro_business_trips,8920.4,6422.69,42104.31,3.0,Deluxe,corporate_portal,credit_card,guest00393@example.com,pending,D401,India,74.0,F
70,Radisson Blu Hotel Amsterdam City Center,Amsterdam,North Holland,1012,Netherlands,conference,5.0,5.0,0.0,5.0,2025-12-20 13:07:00,2025-12-25 13:07:00,,car,86387.38,honeymoon,0.0,4319.37,90706.75,1.0,Business Class,mobile_app,debit_card,guest00070@example.com,cancelled,C312,International,25.0,M
306,Radisson Blu Hotel New Delhi,New Delhi,Delhi,110001,India,family,4.0,3.0,1.0,3.0,2026-07-17 10:17:00,2026-07-20 10:17:00,,motorcycle,17320.74,honeymoon,866.04,2961.85,19416.55,1.0,Standard,corporate_portal,credit_card,guest00306@example.com,confirmed,D401,India,23.0,F
124,Radisson Blu Hotel Bengaluru,Bengaluru,Karnataka,560052,India,family,6.0,4.0,2.0,12.0,2026-04-23 03:51:00,2026-05-05 03:51:00,No,car,110752.95,working_pro_business_trips,0.0,13290.35,124043.3,1.0,Deluxe,website,upi,guest00124@example.com,checked_out,E510,International,36.0,M
362,Radisson Blu Hotel Nagpur,Nagpur,Maharashtra,440001,India,business,3.0,2.0,1.0,10.0,2025-04-09 03:58:00,2025-04-19 03:58:00,Yes,bus 11 seater,64405.67,,12881.13,6182.94,57707.48,2.0,Family Room,travel_agent,upi,guest00362@example.com,pending,E510,India,50.0,OTHER
97,Radisson Blu Hotel Dubai Deira Creek,Dubai,Dubai,12345,UAE,business,4.0,2.0,2.0,8.0,2025-10-24 20:19:00,2025-11-01 20:19:00,,car,141534.3,senior_citizens,7076.72,16134.91,150592.49,2.0,Suite,corporate_portal,cash,guest00097@example.com,pending,C312,India,38.0,OTHER
144,Radisson Blu Hotel Bengaluru,Bengaluru,Karnataka,560052,India,leisure,6.0,5.0,1.0,5.0,2025-06-26 21:45:00,2025-07-01 21:45:00,No,car,86964.77,senior_citizens,4348.24,4130.83,,2.0,Deluxe,walk_in,cash,guest00144@example.com,checked_in,E510,India,54.0,F
240,Radisson Blu Hotel Mumbai,Mumbai,Maharashtra,400051,India,leisure,5.0,4.0,1.0,9.0,2026-08-23 08:16:00,2026-09-01 08:16:00,No,cycle,143960.69,working_pro_business_trips,28792.14,13820.23,128988.78,2.0,Deluxe,travel_agent,net_banking,guest00240@example.com,checked_out,D401,International,37.0,OTHER
269,Radisson Blu Hotel New Delhi,New Delhi,Delhi,110001,India,leisure,1.0,1.0,0.0,11.0,2025-04-24 03:33:00,2025-05-05 03:33:00,Yes,motorcycle,259126.44,senior_citizens,0.0,12956.32,272082.76,1.0,Standard,walk_in,cash,guest00269@example.com,checked_in,E510,International,21.0,F
98,Radisson Blu Hotel New Delhi,New Delhi,Delhi,110001,India,family,6.0,5.0,1.0,6.0,2025-12-20 12:08:00,2025-12-26 12:08:00,No,bus 11 seater,55220.93,senior_citizens,5522.09,2484.94,52183.78,1.0,Standard,travel_agent,cash,guest00098@example.com,checked_out,D401,India,73.0,M
375,Radisson Blu Hotel Amsterdam City Center,Amsterdam,North Holland,1012,Netherlands,family,5.0,5.0,0.0,10.0,2025-12-11 08:04:00,2025-12-21 08:04:00,,bus 25 seater,66659.48,students_exploring,0.0,11998.71,78658.19,3.0,Family Room,travel_agent,debit_card,guest00375@example.com,checked_in,D401,International,57.0,OTHER
123,art'otel Amsterdam,Amsterdam,North Holland,1012,Netherlands,conference,7.0,4.0,3.0,12.0,2025-07-14 23:07:00,2025-07-26 23:07:00,Yes,cycle,215262.36,childrens_trips,43052.47,8610.49,180820.38,2.0,Suite,corporate_portal,net_banking,guest00123@example.com,cancelled,C312,International,41.0,OTHER
184,Park Plaza Vondelpark Amsterdam,Amsterdam,North Holland,1071,Netherlands,leisure,2.0,2.0,0.0,4.0,2025-06-21 06:51:00,2025-06-25 06:51:00,,bus 11 seater,14472.6,working_pro_business_trips,2894.52,1389.37,12967.45,2.0,Business Class,phone,credit_card,guest00184@example.com,confirmed,D401,International,53.0,F
203,Radisson Blu Hotel Frankfurt,Frankfurt,Hesse,60329,Germany,leisure,2.0,1.0,1.0,9.0,2026-05-21 04:05:00,2026-05-30 04:05:00,No,bus 25 seater,37349.45,childrens_trips,1867.47,6386.76,41868.74,2.0,Standard,website,debit_card,guest00203@example.com,confirmed,C312,International,69.0,OTHER
247,Radisson Blu Hotel New Delhi,New Delhi,Delhi,110001,India,leisure,4.0,4.0,0.0,3.0,2025-03-19 17:59:00,2025-03-22 17:59:00,,e-cycle,20612.2,senior_citizens,3091.83,2102.44,19622.81,2.0,Deluxe,mobile_app,debit_card,guest00247@example.com,cancelled,B205,India,30.0,M
384,Radisson Blu Hotel New Delhi,New Delhi,Delhi,110001,India,transit,3.0,3.0,0.0,9.0,2026-03-07 19:46:00,2026-03-16 19:46:00,Yes,e-cycle,21910.87,students_exploring,0.0,3943.96,25854.83,3.0,Deluxe,website,cash,guest00384@example.com,pending,,International,38.0,OTHER
465,Radisson Blu Hotel Bengaluru,Bengaluru,Karnataka,560052,India,transit,2.0,2.0,0.0,10.0,2025-04-15 22:34:00,2025-04-25 22:34:00,No,e-cycle,39980.74,,1999.04,6836.71,44818.41,1.0,Business Class,mobile_app,upi,guest00465@example.com,checked_in,A101,International,19.0,OTHER
378,art'otel Amsterdam,Amsterdam,North Holland,1012,Netherlands,business,4.0,4.0,0.0,5.0,2025-01-29 07:51:00,2025-02-03 07:51:00,Yes,bus 11 seater,123990.0,childrens_trips,12399.0,20086.38,131677.38,1.0,Standard,travel_agent,upi,guest00378@example.com,checked_out,B205,India,64.0,F
395,Radisson Blu Hotel Frankfurt,Frankfurt,Hesse,60329,Germany,family,5.0,5.0,0.0,12.0,2026-04-09 10:46:00,2026-04-21 10:46:00,Yes,e-cycle,261936.83,honeymoon,52387.37,25145.94,234695.4,3.0,Family Room,corporate_portal,credit_card,guest00395@example.com,checked_in,C312,India,33.0,F
389,Radisson Blu Hotel New Delhi,New Delhi,Delhi,110001,India,business,5.0,4.0,1.0,12.0,2026-02-12 21:13:00,2026-02-24 21:13:00,,car,226531.38,honeymoon,11326.57,10760.24,225965.05,2.0,Deluxe,corporate_portal,upi,guest00389@example.com,checked_out,,India,18.0,F
415,Radisson Blu Hotel Amsterdam City Center,Amsterdam,North Holland,1012,Netherlands,wedding,1.0,1.0,0.0,12.0,2026-04-05 09:36:00,2026-04-17 09:36:00,,e-cycle,295253.44,,59050.69,42516.49,278719.24,3.0,Family Room,mobile_app,upi,guest00415@example.com,cancelled,C312,India,63.0,F
126,Radisson Blu Hotel Bengaluru,Bengaluru,Karnataka,560052,India,business,5.0,5.0,0.0,1.0,2025-07-08 17:41:00,2025-07-09 17:41:00,No,bus 11 seater,21443.38,,4288.68,857.74,18012.44,1.0,Standard,phone,debit_card,guest00126@example.com,confirmed,B205,International,41.0,M
298,Radisson Blu Hotel Frankfurt,Frankfurt,Hesse,60329,Germany,wedding,3.0,3.0,0.0,6.0,2025-10-22 13:38:00,2025-10-28 13:38:00,,motorcycle,149307.39,working_pro_business_trips,7465.37,7092.1,148934.12,3.0,Suite,corporate_portal,debit_card,guest00298@example.com,checked_out,B205,International,30.0,M
224,Radisson Blu Hotel Frankfurt,Frankfurt,Hesse,60329,Germany,family,1.0,1.0,0.0,1.0,2025-03-06 23:37:00,2025-03-07 23:37:00,,car,13465.82,childrens_trips,673.29,2302.66,15095.19,2.0,Suite,corporate_portal,credit_card,guest00224@example.com,checked_in,B205,India,26.0,OTHER
412,Park Plaza Vondelpark Amsterdam,Amsterdam,North Holland,1071,Netherlands,wedding,8.0,5.0,3.0,12.0,2026-08-12 01:40:00,2026-08-24 01:40:00,No,e-cycle,138334.59,,27666.92,19920.18,130587.85,2.0,Business Class,website,upi,guest00412@example.com,checked_out,E510,India,62.0,F
220,art'otel Amsterdam,Amsterdam,North Holland,#####,Netherlands,conference,3.0,3.0,0.0,6.0,2025-08-07 21:21:00,2025-08-13 21:21:00,,e-cycle,143082.91,honeymoon,21462.44,21891.68,143512.15,1.0,Business Class,corporate_portal,debit_card,guest00220@example.com,checked_out,E510,India,20.0,OTHER
130,Radisson Blu Beke Hotel Budapest,Budapest,Budapest,1067,Hungary,leisure,5.0,2.0,3.0,1.0,2026-07-11 18:42:00,2026-07-12 18:42:00,,motorcycle,9096.04,honeymoon,0.0,1637.29,10733.33,2.0,Deluxe,walk_in,debit_card,guest00130@example.com,checked_out,D401,International,42.0,OTHER
466,Radisson Blu Hotel Frankfurt,Frankfurt,Hesse,60329,Germany,business,2.0,2.0,0.0,11.0,2026-04-05 12:32:00,2026-04-16 12:32:00,,car,199621.35,childrens_trips,0.0,9981.07,209602.42,1.0,Suite,mobile_app,net_banking,guest00466@example.com,confirmed,A101,India,41.0,F
285,Radisson Blu Hotel Frankfurt,Frankfurt,Hesse,60329,Germany,conference,2.0,2.0,0.0,10.0,2025-08-21 13:15:00,2025-08-31 13:15:00,,bus 11 seater,90472.8,senior_citizens,13570.92,9228.23,86130.11,3.0,Deluxe,walk_in,net_banking,guest00285@example.com,pending,B205,International,62.0,OTHER
324,Radisson Blu Hotel Amsterdam City Center,Amsterdam,North Holland,1012,Netherlands,business,3.0,3.0,0.0,12.0,2026-04-02 11:14:00,2026-04-14 11:14:00,,e-cycle,31077.23,senior_citizens,4661.58,1320.78,27736.43,3.0,Standard,phone,credit_card,guest00324@example.com,confirmed,E510,India,42.0,OTHER
370,Park Plaza Vondelpark Amsterdam,Amsterdam,North Holland,1071,Netherlands,conference,2.0,2.0,0.0,5.0,2026-07-25 21:55:00,2026-07-30 21:55:00,Yes,cycle,24600.64,,4920.13,2361.66,22042.17,2.0,Family Room,phone,net_banking,guest00370@example.com,checked_out,D401,International,53.0,M
287,Radisson Blu Beke Hotel Budapest,Budapest,Budapest,1067,Hungary,wedding,2.0,2.0,0.0,3.0,2025-06-05 06:06:00,2025-06-08 06:06:00,,cycle,74022.51,senior_citizens,11103.38,7550.3,70469.43,3.0,Deluxe,mobile_app,credit_card,guest00287@example.com,cancelled,A101,International,26.0,OTHER
290,Radisson Blu Hotel Bengaluru,Bengaluru,Karnataka,560052,India,conference,5.0,5.0,0.0,4.0,2026-04-13 01:56:00,2026-04-17 01:56:00,,e-cycle,98499.48,honeymoon,0.0,17729.91,116229.39,1.0,Business Class,corporate_portal,cash,guest00290@example.com,cancelled,C312,International,28.0,F
416,Radisson Blu Hotel Dubai Deira Creek,Dubai,Dubai,12345,UAE,leisure,5.0,5.0,0.0,9.0,2025-09-11 03:20:00,2025-09-20 03:20:00,,motorcycle,178761.14,students_exploring,17876.11,8044.25,168929.28,1.0,Standard,website,cash,guest00416@example.com,pending,D401,India,46.0,M
335,Radisson Blu Hotel Bengaluru,Bengaluru,Karnataka,560052,India,wedding,3.0,3.0,0.0,5.0,2025-04-01 20:52:00,2025-04-06 20:52:00,Yes,cycle,73694.41,childrens_trips,0.0,3684.72,77379.13,3.0,Family Room,mobile_app,cash,guest00335@example.com,pending,C312,India,30.0,M
113,Radisson Blu Hotel New Delhi,New Delhi,Delhi,110001,India,transit,2.0,2.0,0.0,8.0,2025-08-15 07:08:00,2025-08-23 07:08:00,,motorcycle,197928.33,working_pro_business_trips,9896.42,22563.83,210595.74,3.0,Deluxe,mobile_app,net_banking,guest00113@example.com,confirmed,E510,International,51.0,OTHER
180,Park Plaza Vondelpark Amsterdam,Amsterdam,North Holland,1071,Netherlands,family,2.0,2.0,0.0,4.0,2025-02-24 03:21:00,2025-02-28 03:21:00,,bus 25 seater,58621.63,childrens_trips,11724.33,8441.51,55338.81,1.0,Standard,website,cash,guest00180@example.com,checked_out,E510,International,27.0,M
303,art'otel Amsterdam,Amsterdam,North Holland,1012,Netherlands,wedding,5.0,3.0,2.0,2.0,2026-06-22 09:11:00,2026-06-24 09:11:00,Yes,motorcycle,39689.47,working_pro_business_trips,0.0,4762.74,44452.21,1.0,Deluxe,travel_agent,cash,guest00303@example.com,checked_out,C312,International,27.0,M
334,Radisson Blu Hotel Amsterdam City Center,Amsterdam,North Holland,1012,,leisure,7.0,5.0,2.0,2.0,2025-01-07 00:11:00,2025-01-09 00:11:00,Yes,bus 11 seater,22912.71,,2291.27,3711.86,24333.3,2.0,Family Room,corporate_portal,cash,guest00334@example.com,pending,B205,India,56.0,M
325,Radisson Blu Hotel Frankfurt,Frankfurt,Hesse,60329,Germany,conference,3.0,3.0,0.0,3.0,2025-07-09 03:44:00,2025-07-12 03:44:00,No,motorcycle,51369.26,,0.0,9246.47,60615.73,3.0,Business Class,travel_agent,debit_card,guest00325@example.com,confirmed,C312,India,42.0,F
472,art'otel Amsterdam,Amsterdam,North Holland,1012,Netherlands,family,3.0,3.0,0.0,9.0,2025-01-05 00:55:00,2025-01-14 00:55:00,No,motorcycle,209484.3,childrens_trips,20948.43,33936.46,222472.33,3.0,Family Room,website,cash,guest00472@example.com,confirmed,A101,International,77.0,OTHER
353,Radisson Blu Hotel New Delhi,New Delhi,Delhi,110001,India,leisure,3.0,3.0,0.0,5.0,2026-01-31 11:00:00,2026-02-05 11:00:00,,motorcycle,122392.74,,18358.91,5201.69,109235.52,2.0,Suite,travel_agent,debit_card,guest00353@example.com,checked_in,,International,26.0,OTHER
234,Radisson Blu Hotel Dubai Deira Creek,Dubai,Dubai,12345,UAE,leisure,2.0,2.0,0.0,3.0,2025-10-15 06:09:00,2025-10-18 06:09:00,No,bus 25 seater,55324.27,,0.0,9958.37,65282.64,1.0,Suite,phone,cash,guest00234@example.com,checked_in,B205,India,59.0,F
439,Radisson Blu Hotel Frankfurt,Frankfurt,Hesse,60329,Germany,leisure,3.0,3.0,0.0,5.0,2025-05-10 20:32:00,2025-05-15 20:32:00,Yes,car,,honeymoon,9305.63,4187.53,87938.17,1.0,Business Class,walk_in,cash,guest00439@example.com,checked_out,,International,37.0,OTHER
165,Radisson Blu Beke Hotel Budapest,Budapest,Budapest,1067,Hungary,family,4.0,4.0,0.0,4.0,2025-04-17 06:33:00,2025-04-21 06:33:00,Yes,car,12758.26,senior_citizens,0.0,2296.49,15054.75,3.0,Suite,phone,upi,guest00165@example.com,checked_in,,India,55.0,M
137,Radisson Blu Hotel Mumbai,Mumbai,Maharashtra,400051,India,business,3.0,2.0,1.0,10.0,2026-01-09 03:59:00,2026-01-19 03:59:00,,motorcycle,144585.95,,28917.19,20820.38,136489.14,1.0,Suite,travel_agent,credit_card,guest00137@example.com,checked_in,,International,26.0,OTHER
198,Radisson Blu Hotel Nagpur,Nagpur,Maharashtra,440001,India,leisure,3.0,3.0,0.0,6.0,2025-09-12 07:44:00,2025-09-18 07:44:00,Yes,car,,childrens_trips,9628.53,6547.4,61109.1,2.0,Suite,phone,net_banking,guest00198@example.com,checked_out,E510,International,45.0,OTHER
259,Radisson Blu Hotel Bengaluru,Bengaluru,Karnataka,560052,India,leisure,4.0,4.0,0.0,8.0,,2026-07-10 00:44:00,Yes,cycle,156545.32,childrens_trips,7827.27,26769.25,175487.3,1.0,Suite,walk_in,cash,guest00259@example.com,checked_in,B205,India,63.0,OTHER
233,Radisson Blu Hotel Mumbai,Mumbai,Maharashtra,400051,India,conference,5.0,5.0,0.0,2.0,2026-01-10 18:41:00,2026-01-12 18:41:00,No,bus 25 seater,48732.08,students_exploring,0.0,8771.77,57503.85,2.0,Family Room,website,net_banking,guest00233@example.com,pending,D401,India,32.0,M
116,Radisson Blu Hotel Dubai Deira Creek,Dubai,Dubai,12345,UAE,transit,1.0,1.0,0.0,8.0,2025-03-03 02:59:00,2025-03-11 02:59:00,,motorcycle,47804.53,childrens_trips,0.0,8604.82,56409.35,2.0,Suite,corporate_portal,cash,guest00116@example.com,confirmed,,India,59.0,F
121,Radisson Blu Hotel Dubai Deira Creek,Dubai,Dubai,12345,UAE,wedding,5.0,3.0,2.0,4.0,2026-04-30 07:54:00,2026-05-04 07:54:00,No,motorcycle,20595.84,working_pro_business_trips,2059.58,926.81,19463.07,3.0,Deluxe,corporate_portal,debit_card,guest00121@example.com,cancelled,B205,International,59.0,M
343,Radisson Blu Hotel New Delhi,New Delhi,Delhi,110001,India,transit,4.0,3.0,1.0,7.0,2026-06-28 01:18:00,2026-07-05 01:18:00,Yes,cycle,112070.2,childrens_trips,16810.53,4762.98,100022.65,3.0,Standard,walk_in,upi,guest00343@example.com,confirmed,A101,International,41.0,F
225,Radisson Blu Hotel Mumbai,Mumbai,Maharashtra,400051,India,family,4.0,3.0,1.0,3.0,2026-07-13 09:40:00,2026-07-16 09:40:00,Yes,cycle,69026.16,working_pro_business_trips,13805.23,9939.77,65160.7,1.0,Standard,website,credit_card,guest00225@example.com,checked_out,E510,International,52.0,OTHER
396,Radisson Blu Hotel Amsterdam City Center,Amsterdam,North Holland,1012,Netherlands,business,4.0,4.0,0.0,7.0,2025-01-22 06:10:00,2025-01-29 06:10:00,No,motorcycle,134815.51,students_exploring,26963.1,5392.62,113245.03,3.0,Business Class,phone,net_banking,guest00396@example.com,pending,C312,India,71.0,F
332,Park Plaza Vondelpark Amsterdam,Amsterdam,North Holland,1071,Netherlands,family,7.0,5.0,2.0,8.0,2025-03-07 03:07:00,2025-03-15 03:07:00,,e-cycle,55338.26,students_exploring,0.0,6640.59,61978.85,2.0,Standard,phone,net_banking,guest00332@example.com,checked_out,B205,International,71.0,M
128,art'otel Amsterdam,Amsterdam,North Holland,1012,Netherlands,conference,3.0,3.0,0.0,5.0,2025-07-16 19:33:00,2025-07-21 19:33:00,,bus 11 seater,55039.99,,2752.0,6274.56,58562.55,1.0,Business Class,phone,credit_card,guest00128@example.com,confirmed,A101,International,42.0,F
286,Radisson Blu Hotel Dubai Deira Creek,Dubai,Dubai,12345,UAE,transit,8.0,5.0,3.0,3.0,2025-05-19 13:58:00,2025-05-22 13:58:00,Yes,bus 11 seater,27497.74,childrens_trips,4124.66,4207.15,27580.23,1.0,Standard,travel_agent,cash,guest00286@example.com,checked_in,C312,International,65.0,OTHER
405,Radisson Blu Hotel Amsterdam City Center,Amsterdam,North Holland,1012,Netherlands,leisure,5.0,4.0,1.0,6.0,2026-05-22 19:41:00,2026-05-28 19:41:00,No,bus 25 seater,13696.32,students_exploring,684.82,2342.07,15353.57,1.0,Family Room,mobile_app,net_banking,guest00405@example.com,cancelled,E510,International,26.0,F
108,Radisson Blu Hotel Dubai Deira Creek,Dubai,Dubai,12345,UAE,leisure,1.0,1.0,0.0,1.0,2025-08-20 20:14:00,2025-08-21 20:14:00,Yes,cycle,18442.71,senior_citizens,0.0,3319.69,21762.4,2.0,Suite,corporate_portal,debit_card,guest00108@example.com,cancelled,C312,International,59.0,M
462,Radisson Blu Hotel Dubai Deira Creek,Dubai,Dubai,12345,UAE,leisure,4.0,4.0,0.0,5.0,2025-04-16 12:44:00,2025-04-21 12:44:00,No,bus 11 seater,9541.22,senior_citizens,954.12,429.35,9016.45,1.0,Standard,corporate_portal,credit_card,guest00462@example.com,confirmed,C312,India,61.0,OTHER
321,Park Plaza Vondelpark Amsterdam,Amsterdam,North Holland,1071,Netherlands,leisure,2.0,1.0,1.0,6.0,2025-08-04 18:46:00,2025-08-10 18:46:00,No,motorcycle,115963.36,students_exploring,0.0,5798.17,121761.53,2.0,Suite,phone,net_banking,guest00321@example.com,pending,D401,International,48.0,F
134,Radisson Blu Hotel Nagpur,Nagpur,Maharashtra,440001,India,leisure,8.0,5.0,3.0,2.0,2025-10-26 13:24:00,2025-10-28 13:24:00,,motorcycle,48987.23,senior_citizens,7348.08,7495.05,49134.2,1.0,Business Class,travel_agent,upi,guest00134@example.com,checked_in,B205,India,28.0,F
357,Park Plaza Vondelpark Amsterdam,Amsterdam,North Holland,1071,Netherlands,family,6.0,4.0,2.0,6.0,2026-08-19 01:09:00,2026-08-25 01:09:00,No,motorcycle,29661.24,,0.0,1483.06,31144.3,2.0,Standard,travel_agent,upi,guest00357@example.com,checked_out,,India,50.0,M
45,###,Amsterdam,North Holland,1071,Netherlands,business,1.0,1.0,0.0,8.0,2026-08-23 13:40:00,2026-08-31 13:40:00,Yes,bus 25 seater,90189.41,students_exploring,4509.47,15422.39,101102.33,3.0,Suite,travel_agent,cash,guest00045@example.com,checked_out,A101,International,23.0,F
452,Radisson Blu Hotel New Delhi,New Delhi,Delhi,110001,India,family,4.0,4.0,0.0,12.0,2025-07-12 13:49:00,2025-07-24 13:49:00,Yes,cycle,146872.19,senior_citizens,22030.83,6242.07,131083.43,2.0,Standard,corporate_portal,upi,guest00452@example.com,cancelled,B205,International,45.0,OTHER
66,Radisson Blu ???,Amsterdam,North Holland,1012,Netherlands,wedding,5.0,3.0,2.0,12.0,2025-04-06 13:06:00,2025-04-18 13:06:00,No,e-cycle,176493.61,honeymoon,26474.04,27003.52,177023.09,2.0,Business Class,phone,cash,guest00066@example.com,confirmed,C312,International,40.0,M
284,Radisson Blu Hotel New Delhi,New Delhi,Delhi,110001,India,business,5.0,5.0,0.0,4.0,2025-12-30 20:19:00,2026-01-03 20:19:00,,bus 25 seater,12954.5,senior_citizens,647.73,1476.81,13783.58,1.0,Business Class,corporate_portal,debit_card,guest00284@example.com,confirmed,,International,51.0,OTHER
86,Radisson Blu Hotel New Delhi,New Delhi,Delhi,110001,India,business,3.0,1.0,2.0,11.0,2025-09-04 23:42:00,2025-09-15 23:42:00,No,cycle,207419.72,childrens_trips,10370.99,9852.44,206901.17,3.0,Deluxe,phone,cash,guest00086@example.com,checked_in,,India,69.0,M
243,art'otel Amsterdam,Amsterdam,North Holland,1012,Netherlands,transit,5.0,5.0,0.0,1.0,2026-06-15 09:12:00,2026-06-16 09:12:00,Yes,bus 25 seater,18004.03,senior_citizens,2700.6,765.17,16068.6,3.0,Standard,mobile_app,credit_card,guest00243@example.com,cancelled,D401,International,60.0,F
187,Radisson Blu Hotel New Delhi,New Delhi,Delhi,110001,India,business,3.0,3.0,0.0,5.0,2025-01-21 10:52:00,2025-01-26 10:52:00,Yes,bus 11 seater,66027.83,childrens_trips,13205.57,9508.01,62330.27,3.0,Suite,travel_agent,upi,guest00187@example.com,checked_in,E510,India,30.0,F
160,Radisson Blu Hotel Dubai Deira Creek,Dubai,Dubai,12345,UAE,business,3.0,3.0,0.0,3.0,2026-06-14 23:16:00,2026-06-17 23:16:00,Yes,bus 25 seater,59766.23,students_exploring,2988.31,10220.03,66997.95,2.0,Family Room,website,upi,guest00160@example.com,checked_out,,India,49.0,F
13,Radisson Blu Hotel Bengaluru,Bengaluru,Karnataka,560052,India,leisure,1.0,1.0,0.0,9.0,2025-09-13 02:28:00,2025-09-22 02:28:00,Yes,motorcycle,224850.18,students_exploring,0.0,11242.51,236092.69,2.0,Deluxe,corporate_portal,credit_card,guest00013@example.com,pending,D401,India,42.0,F
36,Radisson Blu Hotel New Delhi,New Delhi,Delhi,110001,India,leisure,4.0,3.0,1.0,10.0,2025-09-22 10:17:00,2025-10-02 10:17:00,,motorcycle,137857.52,students_exploring,0.0,6892.88,144750.4,3.0,Deluxe,phone,cash,guest00036@example.com,checked_in,D401,India,23.0,F
29,Radisson Blu Hotel Mumbai,Mumbai,Maharashtra,400051,India,business,1.0,1.0,0.0,7.0,2025-12-05 17:29:00,2025-12-12 17:29:00,,motorcycle,80831.31,students_exploring,12124.7,12367.19,81073.8,1.0,Business Class,travel_agent,cash,guest00029@example.com,checked_in,E510,India,49.0,M
171,Radisson Blu Hotel Nagpur,Nagpur,Maharashtra,440001,India,conference,6.0,4.0,2.0,8.0,2025-09-09 20:18:00,2025-09-17 20:18:00,Yes,motorcycle,103308.14,senior_citizens,0.0,12396.98,115705.12,3.0,Family Room,mobile_app,net_banking,guest00171@example.com,confirmed,D401,International,48.0,OTHER
143,Radisson Blu Hotel Amsterdam City Center,Amsterdam,North Holland,1012,Netherlands,transit,2.0,2.0,0.0,9.0,2026-08-15 03:51:00,2026-08-24 03:51:00,No,cycle,57349.11,,0.0,6881.89,64231.0,2.0,Family Room,corporate_portal,net_banking,guest00143@example.com,checked_in,E510,India,40.0,F
392,Park Plaza Vondelpark Amsterdam,Amsterdam,North Holland,1071,Netherlands,conference,4.0,4.0,0.0,1.0,2025-02-25 07:11:00,2025-02-26 07:11:00,Yes,motorcycle,18178.34,childrens_trips,1817.83,818.03,17178.54,3.0,Family Room,corporate_portal,cash,guest00392@example.com,checked_in,A101,India,25.0,F
337,Radisson Blu Hotel Bengaluru,Bengaluru,Karnataka,560052,India,transit,5.0,4.0,1.0,4.0,2026-06-12 03:04:00,2026-06-16 03:04:00,No,bus 11 seater,37450.23,honeymoon,0.0,6741.04,44191.27,2.0,Deluxe,website,debit_card,guest00337@example.com,checked_in,B205,International,75.0,M
222,Park Plaza Vondelpark Amsterdam,Amsterdam,North Holland,1071,Netherlands,conference,1.0,1.0,0.0,11.0,2026-07-05 17:00:00,2026-07-16 17:00:00,Yes,bus 11 seater,180452.1,working_pro_business_trips,0.0,32481.38,212933.48,3.0,Suite,phone,credit_card,guest00222@example.com,pending,A101,International,63.0,F
96,Park Plaza Vondelpark Amsterdam,Amsterdam,North Holland,1071,Netherlands,business,6.0,5.0,1.0,11.0,2026-08-18 04:10:00,2026-08-29 04:10:00,Yes,car,174231.45,,26134.72,7404.84,155501.57,3.0,Business Class,phone,debit_card,guest00096@example.com,checked_out,D401,India,49.0,OTHER
52,Radisson Blu Hotel Nagpur,Nagpur,Maharashtra,440001,India,transit,7.0,3.0,4.0,11.0,2025-03-12 07:40:00,2025-03-23 07:40:00,,car,,students_exploring,21037.48,9466.86,198804.16,1.0,Business Class,website,credit_card,guest00052@example.com,cancelled,A101,International,40.0,F
241,Radisson Blu Hotel New Delhi,New Delhi,Delhi,110001,India,business,2.0,1.0,1.0,11.0,2026-02-12 23:08:00,2026-02-23 23:08:00,Yes,cycle,133771.01,students_exploring,26754.2,5350.84,112367.65,2.0,Family Room,walk_in,credit_card,guest00241@example.com,pending,D401,India,69.0,M
366,Radisson Blu Hotel Mumbai,Mumbai,Maharashtra,400051,India,business,1.0,1.0,0.0,11.0,2026-03-25 16:42:00,2026-04-05 16:42:00,,bus 11 seater,120555.89,honeymoon,24111.18,17360.05,113804.76,2.0,Deluxe,travel_agent,debit_card,guest00366@example.com,checked_out,D401,India,32.0,F
372,Radisson Blu Hotel Mumbai,Mumbai,Maharashtra,400051,India,wedding,2.0,1.0,1.0,6.0,2025-12-20 11:26:00,2025-12-26 11:26:00,Yes,e-cycle,45267.86,honeymoon,9053.57,4345.71,40560.0,2.0,Standard,travel_agent,debit_card,guest00372@example.com,confirmed,E510,International,20.0,F
179,Radisson Blu Beke Hotel Budapest,Budapest,Budapest,44O001,Hungary,business,1.0,1.0,0.0,2.0,2025-01-21 10:16:00,2025-01-23 10:16:00,,car,44800.01,childrens_trips,0.0,8064.0,52864.01,3.0,Family Room,corporate_portal,credit_card,guest00179@example.com,checked_in,,India,56.0,F
42,Radisson Blu Hotel Frankfurt,Frankfurt,Hesse,UNKNOWN,Germany,transit,4.0,3.0,1.0,4.0,2026-04-27 09:02:00,2026-05-01 09:02:00,Yes,bus 25 seater,72437.25,,7243.73,3259.68,68453.2,3.0,Deluxe,corporate_portal,credit_card,guest00042@example.com,checked_out,B205,India,76.0,F
381,Radisson Blu Hotel Bengaluru,Bengaluru,Karnataka,560052,India,wedding,1.0,1.0,0.0,10.0,2026-02-23 08:55:00,2026-03-05 08:55:00,No,motorcycle,104931.56,,0.0,12591.79,117523.35,1.0,Business Class,mobile_app,upi,guest00381@example.com,checked_in,,International,70.0,F
207,Radisson Blu Hotel Dubai Deira Creek,Dubai,Dubai,12345,UAE,transit,1.0,1.0,0.0,10.0,2026-06-20 22:44:00,2026-06-30 22:44:00,,e-cycle,186583.26,students_exploring,18658.33,20150.99,188075.92,1.0,Family Room,walk_in,credit_card,guest00207@example.com,confirmed,,India,50.0,F
283,Radisson Blu Hotel Amsterdam City Center,Amsterdam,North Holland,1012,Netherlands,transit,5.0,5.0,0.0,10.0,2025-11-20 15:55:00,2025-11-30 15:55:00,Yes,car,64139.05,senior_citizens,6413.9,10390.53,68115.68,3.0,Business Class,travel_agent,cash,guest00283@example.com,checked_in,,India,19.0,F
255,12345,New Delhi,Delhi,110001,India,conference,4.0,3.0,1.0,11.0,2025-08-22 10:20:00,2025-09-02 10:20:00,No,e-cycle,174294.25,working_pro_business_trips,17429.42,18823.78,175688.61,3.0,Suite,corporate_portal,debit_card,guest00255@example.com,pending,A101,India,64.0,M
406,Radisson Blu Hotel Mumbai,Mumbai,Maharashtra,400051,India,leisure,5.0,3.0,2.0,12.0,2026-03-03 21:41:00,2026-03-15 21:41:00,No,e-cycle,244251.81,,0.0,43965.33,288217.14,1.0,Suite,mobile_app,debit_card,guest00406@example.com,pending,B205,International,24.0,F
5,Radisson Blu Hotel Mumbai,Mumbai,Maharashtra,400051,India,business,3.0,2.0,1.0,9.0,2025-10-04 20:44:00,2025-10-13 20:44:00,No,motorcycle,192187.48,childrens_trips,0.0,9609.37,201796.85,1.0,Deluxe,walk_in,upi,guest00005@example.com,pending,,International,43.0,OTHER
257,art'otel Amsterdam,Amsterdam,North Holland,1012,Netherlands,family,2.0,2.0,0.0,3.0,2025-10-18 14:40:00,2025-10-21 14:40:00,No,motorcycle,17274.32,students_exploring,0.0,3109.38,20383.7,3.0,Business Class,walk_in,cash,guest00257@example.com,pending,,India,55.0,OTHER
440,Radisson Blu Hotel Dubai Deira Creek,Dubai,Dubai,12345,UAE,wedding,5.0,5.0,0.0,5.0,2025-05-30 04:30:00,2025-06-04 04:30:00,,e-cycle,51784.28,senior_citizens,0.0,9321.17,61105.45,1.0,Deluxe,walk_in,net_banking,guest00440@example.com,confirmed,D401,International,30.0,M
101,Radisson Blu Hotel Dubai Deira Creek,Dubai,Dubai,12345,UAE,family,5.0,5.0,0.0,10.0,2026-04-07 17:17:00,2026-04-17 17:17:00,,bus 25 seater,244219.21,senior_citizens,24421.92,26375.67,246172.96,1.0,Family Room,walk_in,cash,guest00101@example.com,checked_out,A101,India,20.0,M
227,Radisson Blu Hotel Amsterdam City Center,Amsterdam,North Holland,1012,Netherlands,leisure,1.0,1.0,0.0,5.0,2025-10-25 21:04:00,2025-10-30 21:04:00,,e-cycle,76349.1,senior_citizens,3817.45,8703.8,81235.45,1.0,Business Class,walk_in,credit_card,guest00227@example.com,NULL,C312,International,46.0,F
420,Radisson Blu Hotel Mumbai,Mumbai,Maharashtra,400051,India,wedding,7.0,4.0,3.0,10.0,2026-05-08 18:19:00,2026-05-18 18:19:00,Yes,bus 11 seater,199273.05,working_pro_business_trips,19927.31,32282.23,211627.97,3.0,Suite,corporate_portal,cash,guest00420@example.com,pending,,International,23.0,OTHER
214,Radisson Blu Hotel Frankfurt,Frankfurt,Hesse,60329,Germany,leisure,7.0,5.0,2.0,12.0,2026-06-09 09:53:00,2026-06-21 09:53:00,Yes,bus 11 seater,219785.82,working_pro_business_trips,32967.87,33627.23,220445.18,3.0,Business Class,phone,upi,guest00214@example.com,pending,,India,50.0,OTHER
172,Radisson Blu Hotel Bengaluru,Bengaluru,Karnataka,560052,India,business,4.0,4.0,0.0,6.0,2025-12-19 18:32:00,2025-12-25 18:32:00,No,car,14427.97,students_exploring,2164.2,613.19,12876.96,3.0,Business Class,walk_in,debit_card,guest00172@example.com,pending,A101,India,60.0,M
99,Radisson Blu Hotel New Delhi,New Delhi,Delhi,110001,India,conference,2.0,2.0,0.0,4.0,2026-08-15 23:20:00,2026-08-19 23:20:00,Yes,car,54966.47,students_exploring,5496.65,5936.38,55406.2,3.0,Suite,mobile_app,debit_card,guest00099@example.com,checked_out,C312,India,21.0,F
293,Radisson Blu Hotel Frankfurt,Frankfurt,Hesse,60329,Germany,leisure,3.0,1.0,2.0,7.0,,2025-06-20 12:35:00,Yes,bus 11 seater,160749.85,senior_citizens,24112.48,24594.73,161232.1,3.0,Standard,corporate_portal,upi,guest00293@example.com,cancelled,,International,36.0,OTHER
216,art'otel Amsterdam,Amsterdam,North Holland,1012,Netherlands,wedding,3.0,3.0,0.0,11.0,2025-10-01 05:18:00,2025-10-12 05:18:00,Yes,bus 25 seater,35630.78,students_exploring,1781.54,1692.46,35541.7,1.0,Family Room,phone,net_banking,guest00216@example.com,pending,,International,33.0,OTHER
62,Park Plaza Vondelpark Amsterdam,Amsterdam,North Holland,1071,Netherlands,leisure,2.0,1.0,1.0,3.0,2026-07-08 08:51:00,2026-07-11 08:51:00,,bus 25 seater,7194.3,honeymoon,0.0,863.32,8057.62,1.0,Business Class,website,debit_card,guest00062@example.com,checked_in,E510,India,65.0,M
48,Radisson Blu Hotel Bengaluru,Bengaluru,Karnataka,560052,India,wedding,6.0,4.0,2.0,5.0,2025-10-26 16:45:00,2025-10-31 16:45:00,Yes,motorcycle,122708.38,senior_citizens,0.0,14725.01,137433.39,3.0,Family Room,phone,debit_card,guest00048@example.com,confirmed,C312,International,39.0,OTHER
33,Radisson Blu Beke Hotel Budapest,Budapest,Budapest,1067,Hungary,leisure,6.0,5.0,1.0,5.0,2025-04-21 18:01:00,2025-04-26 18:01:00,Yes,cycle,120148.05,,12014.81,19463.98,127597.22,3.0,Deluxe,website,upi,guest00033@example.com,checked_out,A101,India,40.0,OTHER
268,Radisson Blu Hotel Dubai Deira Creek,Dubai,Dubai,12345,UAE,transit,7.0,5.0,2.0,1.0,2026-01-24 23:11:00,2026-01-25 23:11:00,Yes,e-cycle,19803.58,working_pro_business_trips,0.0,2376.43,22180.01,2.0,Deluxe,walk_in,cash,guest00268@example.com,checked_out,B205,International,38.0,F
328,Radisson Blu Hotel Bengaluru,Bengaluru,Karnataka,560052,India,business,1.0,1.0,0.0,12.0,2026-05-05 13:25:00,2026-05-17 13:25:00,,cycle,22520.77,childrens_trips,4504.15,2161.99,20178.61,2.0,Business Class,corporate_portal,credit_card,guest00328@example.com,confirmed,C312,International,23.0,F
201,Park Plaza Vondelpark Amsterdam,Amsterdam,North Holland,1071,Netherlands,family,1.0,1.0,0.0,11.0,2025-07-30 22:43:00,2025-08-10 22:43:00,,cycle,188656.8,,37731.36,27166.58,178092.02,1.0,Suite,website,net_banking,guest00201@example.com,checked_out,A101,International,25.0,M
438,Radisson Blu Hotel Frankfurt,Frankfurt,Hesse,60329,Germany,transit,6.0,4.0,2.0,8.0,2025-01-11 14:24:00,2025-01-19 14:24:00,Yes,motorcycle,129329.19,working_pro_business_trips,6466.46,22115.29,144978.02,2.0,Family Room,mobile_app,credit_card,guest00438@example.com,confirmed,A101,India,55.0,M
28,Radisson Blu Beke Hotel Budapest,Budapest,Budapest,1067,Hungary,family,3.0,3.0,0.0,4.0,2026-06-18 15:40:00,2026-06-22 15:40:00,No,cycle,73416.96,honeymoon,0.0,8810.04,82227.0,1.0,Deluxe,mobile_app,cash,guest00028@example.com,pending,,India,22.0,F
383,Radisson Blu Beke Hotel Budapest,Budapest,Budapest,1067,Hungary,family,5.0,3.0,2.0,8.0,2025-08-04 05:58:00,2025-08-12 05:58:00,Yes,motorcycle,156707.11,students_exploring,15670.71,7051.82,148088.22,3.0,Suite,travel_agent,cash,guest00383@example.com,confirmed,B205,International,50.0,M
231,Radisson Blu Hotel Dubai Deira Creek,Dubai,Dubai,12345,UAE,wedding,4.0,2.0,2.0,10.0,2025-01-11 21:15:00,2025-01-21 21:15:00,,e-cycle,50566.0,senior_citizens,0.0,2528.3,53094.3,3.0,Suite,travel_agent,credit_card,guest00231@example.com,pending,D401,India,22.0,F
261,Radisson Blu Hotel Amsterdam City Center,Amsterdam,North Holland,1012,Netherlands,wedding,5.0,5.0,0.0,5.0,2026-04-12 19:28:00,2026-04-17 19:28:00,Yes,bus 11 seater,46194.67,honeymoon,0.0,2309.73,48504.4,2.0,Business Class,mobile_app,cash,guest00261@example.com,confirmed,B205,India,27.0,M
289,Radisson Blu Hotel Frankfurt,Frankfurt,Hesse,60329,Germany,conference,2.0,2.0,0.0,8.0,2026-05-17 22:20:00,2026-05-25 22:20:00,,bus 25 seater,158465.45,students_exploring,23769.82,24245.21,158940.84,3.0,Family Room,walk_in,net_banking,guest00289@example.com,checked_out,,India,51.0,M
163,Radisson Blu Hotel Nagpur,Nagpur,Maharashtra,440001,India,family,4.0,1.0,3.0,9.0,2025-07-03 07:51:00,2025-07-12 07:51:00,No,car,30591.84,working_pro_business_trips,3059.18,3303.92,30836.58,2.0,Standard,travel_agent,debit_card,guest00163@example.com,cancelled,E510,International,65.0,OTHER
418,Park Plaza Vondelpark Amsterdam,Amsterdam,North Holland,1071,Netherlands,family,2.0,2.0,0.0,12.0,2026-06-10 16:07:00,2026-06-22 16:07:00,Yes,cycle,30677.9,students_exploring,0.0,5522.02,36199.92,1.0,Standard,travel_agent,net_banking,guest00418@example.com,cancelled,A101,India,25.0,F
139,Radisson Blu Hotel New Delhi,New Delhi,Delhi,110001,India,conference,9.0,5.0,4.0,1.0,2025-06-20 20:39:00,2025-06-21 20:39:00,Yes,car,17517.35,honeymoon,1751.73,1891.87,17657.49,2.0,Deluxe,walk_in,net_banking,guest00139@example.com,checked_out,E510,India,46.0,F
63,Radisson Blu Hotel Bengaluru,Bengaluru,Karnataka,560052,India,transit,1.0,1.0,0.0,10.0,2026-04-05 11:32:00,2026-04-15 11:32:00,,cycle,69399.54,childrens_trips,10409.93,2949.48,61939.09,2.0,Standard,website,cash,guest00063@example.com,checked_in,D401,India,49.0,OTHER
136,Radisson Blu Hotel Bengaluru,Bengaluru,Karnataka,560052,India,conference,5.0,5.0,0.0,11.0,2025-12-09 13:52:00,2025-12-20 13:52:00,No,bus 11 seater,101633.75,students_exploring,20326.75,4065.35,85372.35,2.0,Business Class,phone,cash,guest00136@example.com,checked_out,B205,International,42.0,F
129,Radisson Blu Hotel Dubai Deira Creek,Dubai,Dubai,12345,UAE,wedding,2.0,2.0,0.0,1.0,2026-05-03 01:40:00,2026-05-04 01:40:00,Yes,cycle,21411.65,honeymoon,4282.33,2055.52,19184.84,1.0,Deluxe,phone,net_banking,guest00129@example.com,checked_in,C312,India,77.0,M
480,Radisson Blu Hotel Mumbai,Mumbai,Maharashtra,400051,India,conference,5.0,5.0,0.0,2.0,2025-05-23 00:38:00,2025-05-25 00:38:00,,e-cycle,36045.88,,0.0,4325.51,40371.39,2.0,Family Room,corporate_portal,debit_card,guest00480@example.com,confirmed,,International,19.0,OTHER
9,art'otel Amsterdam,Amsterdam,North Holland,1012,Netherlands,leisure,1.0,1.0,0.0,10.0,2025-03-01 07:56:00,2025-03-11 07:56:00,Yes,e-cycle,130749.79,students_exploring,0.0,23534.96,154284.75,3.0,Deluxe,travel_agent,net_banking,guest00009@example.com,checked_out,D401,India,77.0,OTHER
327,Radisson Blu Beke Hotel Budapest,Budapest,Budapest,1067,Hungary,leisure,6.0,5.0,1.0,2.0,2025-04-16 01:04:00,2025-04-18 01:04:00,,e-cycle,39663.8,honeymoon,0.0,4759.66,44423.46,1.0,Suite,travel_agent,debit_card,guest00327@example.com,cancelled,D401,India,50.0,OTHER
455,Radisson Blu Beke Hotel Budapest,Budapest,Budapest,1067,Hungary,leisure,5.0,5.0,0.0,11.0,2025-07-30 07:18:00,2025-08-10 07:18:00,No,motorcycle,34462.05,students_exploring,5169.31,1464.64,30757.38,1.0,Standard,mobile_app,net_banking,guest00455@example.com,checked_in,D401,India,42.0,M
65,Radisson Blu Hotel Amsterdam City Center,Amsterdam,North Holland,1012,Netherlands,conference,4.0,4.0,0.0,4.0,2026-07-19 23:55:00,2026-07-23 23:55:00,No,e-cycle,28404.2,honeymoon,1420.21,3238.08,30222.07,2.0,Suite,travel_agent,upi,guest00065@example.com,cancelled,B205,International,22.0,M
301,Radisson Blu Hotel Bengaluru,Bengaluru,Karnataka,560052,India,family,3.0,1.0,2.0,7.0,2026-07-04 10:29:00,2026-07-11 10:29:00,,cycle,61213.42,honeymoon,12242.68,8814.73,57785.47,1.0,Family Room,phone,upi,guest00301@example.com,cancelled,A101,India,35.0,M
15,Park Plaza Vondelpark Amsterdam,Amsterdam,North Holland,,Netherlands,business,2.0,1.0,1.0,3.0,2025-02-28 16:05:00,2025-03-03 16:05:00,,bus 11 seater,52394.79,working_pro_business_trips,0.0,6287.37,58682.16,3.0,Standard,walk_in,credit_card,guest00015@example.com,checked_in,,International,77.0,F
157,Radisson Blu Hotel New Delhi,New Delhi,Delhi,110001,India,business,4.0,4.0,0.0,10.0,2025-11-21 04:24:00,2025-12-01 04:24:00,,car,176442.56,honeymoon,17644.26,7939.91,166738.21,2.0,Deluxe,website,credit_card,guest00157@example.com,checked_in,E510,International,58.0,OTHER
41,Radisson Blu Beke Hotel Budapest,Budapest,Budapest,1067,Hungary,leisure,2.0,1.0,1.0,10.0,2026-03-16 09:36:00,2026-03-26 09:36:00,No,e-cycle,189700.72,honeymoon,0.0,34146.13,223846.85,1.0,Deluxe,mobile_app,net_banking,guest00041@example.com,confirmed,B205,India,44.0,F
380,Radisson Blu Hotel Frankfurt,Frankfurt,Hesse,60329,Germany,wedding,3.0,2.0,1.0,2.0,2026-06-22 08:31:00,2026-06-24 08:31:00,,motorcycle,39476.06,,1973.8,4500.27,42002.53,3.0,Deluxe,corporate_portal,debit_card,guest00380@example.com,pending,A101,India,31.0,F
451,Radisson Blu Hotel Mumbai,Mumbai,Maharashtra,400051,India,leisure,9.0,5.0,4.0,8.0,2026-08-17 20:00:00,2026-08-25 20:00:00,,e-cycle,190996.33,senior_citizens,19099.63,8594.83,180491.53,2.0,Deluxe,walk_in,net_banking,guest00451@example.com,checked_out,D401,International,39.0,M
397,Radisson Blu Hotel Dubai Deira Creek,Dubai,Dubai,12345,UAE,family,4.0,4.0,0.0,7.0,2025-07-24 15:28:00,2025-07-31 15:28:00,,bus 11 seater,110095.34,students_exploring,0.0,13211.44,123306.78,3.0,Suite,website,credit_card,guest00397@example.com,checked_out,C312,International,61.0,M
217,Radisson Blu Beke Hotel Budapest,Budapest,Budapest,1067,Hungary,leisure,6.0,3.0,3.0,7.0,2025-02-18 12:24:00,2025-02-25 12:24:00,,motorcycle,21337.48,senior_citizens,4267.5,2048.4,19118.38,3.0,Business Class,walk_in,net_banking,guest00217@example.com,checked_out,B205,India,36.0,F
280,Radisson Blu Hotel Bengaluru,Bengaluru,Karnataka,560052,India,transit,3.0,3.0,0.0,11.0,2025-02-15 07:12:00,2025-02-26 07:12:00,Yes,bus 11 seater,205709.82,working_pro_business_trips,0.0,10285.49,215995.31,1.0,Business Class,website,upi,guest00280@example.com,confirmed,C312,International,48.0,M
426,Radisson Blu Hotel Nagpur,Nagpur,Maharashtra,440001,India,wedding,1.0,1.0,0.0,11.0,2025-10-03 17:37:00,2025-10-14 17:37:00,No,motorcycle,161361.34,honeymoon,0.0,19363.36,180724.7,3.0,Family Room,mobile_app,debit_card,guest00426@example.com,cancelled,E510,India,68.0,M
338,Radisson Blu Hotel Amsterdam City Center,Amsterdam,North Holland,1012,Netherlands,conference,4.0,4.0,0.0,1.0,2026-04-28 18:31:00,2026-04-29 18:31:00,No,bus 11 seater,,students_exploring,2332.7,1049.71,22043.99,3.0,Deluxe,phone,upi,guest00338@example.com,cancelled,B205,International,26.0,M
237,Radisson Blu Hotel Mumbai,Mumbai,Maharashtra,400051,India,wedding,7.0,5.0,2.0,4.0,2025-05-16 03:01:00,2025-05-20 03:01:00,Yes,bus 11 seater,54004.56,students_exploring,5400.46,2430.2,51034.3,3.0,Family Room,website,net_banking,guest00237@example.com,checked_out,A101,India,48.0,OTHER
208,Radisson Blu Hotel Bengaluru,Bengaluru,Karnataka,560052,India,leisure,3.0,3.0,0.0,8.0,2025-06-19 02:48:00,2025-06-27 02:48:00,,e-cycle,194458.92,students_exploring,0.0,35002.61,229461.53,2.0,Deluxe,website,cash,guest00208@example.com,checked_in,E510,International,23.0,F
213,Park Plaza Vondelpark Amsterdam,Amsterdam,North Holland,1071,Netherlands,conference,1.0,1.0,0.0,3.0,2026-08-16 05:46:00,2026-08-19 05:46:00,No,cycle,47198.0,,2359.9,8070.86,52908.96,1.0,Business Class,corporate_portal,upi,guest00213@example.com,cancelled,D401,India,26.0,F
296,Radisson Blu Hotel Nagpur,Nagpur,Maharashtra,440001,India,wedding,4.0,3.0,1.0,3.0,2025-04-22 13:11:00,2025-04-25 13:11:00,Yes,motorcycle,53529.35,,8029.4,8189.99,53689.94,3.0,Business Class,website,credit_card,guest00296@example.com,cancelled,C312,International,75.0,F
449,Radisson Blu Hotel New Delhi,New Delhi,Delhi,110001,India,family,1.0,1.0,0.0,7.0,,2026-06-01 10:17:00,Yes,bus 25 seater,50567.56,working_pro_business_trips,10113.51,2022.7,42476.75,3.0,Family Room,phone,credit_card,guest00449@example.com,cancelled,B205,India,25.0,M
252,Park Plaza Vondelpark Amsterdam,Amsterdam,North Holland,1071,Netherlands,family,5.0,5.0,0.0,11.0,2026-03-08 15:08:00,2026-03-19 15:08:00,,cycle,100373.59,honeymoon,10037.36,10840.35,101176.58,2.0,Standard,phone,debit_card,guest00252@example.com,confirmed,B205,International,48.0,OTHER
479,Radisson Blu Beke Hotel Budapest,Budapest,Budapest,1067,Hungary,leisure,5.0,5.0,0.0,6.0,2026-05-13 15:48:00,2026-05-19 15:48:00,No,e-cycle,62413.29,students_exploring,3120.66,7115.12,66407.75,2.0,Family Room,website,upi,guest00479@example.com,cancelled,A101,India,47.0,OTHER
450,Radisson Blu Hotel New Delhi,New Delhi,Delhi,110001,India,family,3.0,2.0,1.0,6.0,2025-02-09 17:12:00,2025-02-15 17:12:00,Yes,e-cycle,45603.29,working_pro_business_trips,9120.66,6566.87,43049.5,1.0,Family Room,travel_agent,credit_card,guest00450@example.com,cancelled,C312,International,68.0,F
304,Radisson Blu Hotel Dubai Deira Creek,Dubai,Dubai,12345,UAE,family,4.0,4.0,0.0,1.0,2025-05-16 06:46:00,2025-05-17 06:46:00,Yes,e-cycle,21863.6,working_pro_business_trips,0.0,1093.18,22956.78,1.0,Business Class,corporate_portal,credit_card,guest00304@example.com,confirmed,E510,International,19.0,OTHER
351,Radisson Blu Hotel Bengaluru,Bengaluru,Karnataka,560052,India,family,7.0,4.0,3.0,12.0,2025-12-13 22:07:00,2025-12-25 22:07:00,Yes,motorcycle,60415.44,working_pro_business_trips,9062.32,2567.66,53920.78,1.0,Suite,travel_agent,credit_card,guest00351@example.com,cancelled,A101,India,55.0,OTHER
270,art'otel Amsterdam,Amsterdam,North Holland,1012,Netherlands,business,7.0,4.0,3.0,4.0,2025-03-14 00:59:00,2025-03-18 00:59:00,No,cycle,84416.81,,8441.68,13675.52,89650.65,2.0,Business Class,phone,credit_card,guest00270@example.com,checked_out,C312,India,64.0,M
202,Radisson Blu Hotel Bengaluru,Bengaluru,Karnataka,560052,India,leisure,8.0,5.0,3.0,5.0,2025-07-23 19:12:00,2025-07-28 19:12:00,Yes,cycle,50518.93,students_exploring,5051.89,5456.04,50923.08,1.0,Suite,travel_agent,debit_card,guest00202@example.com,confirmed,A101,India,76.0,M
162,Radisson Blu Hotel Mumbai,Mumbai,Maharashtra,400051,India,leisure,7.0,5.0,2.0,1.0,2025-06-03 05:59:00,2025-06-04 05:59:00,No,bus 11 seater,18365.28,students_exploring,3673.06,1763.07,16455.29,3.0,Business Class,travel_agent,credit_card,guest00162@example.com,checked_out,C312,India,50.0,OTHER
44,Radisson Blu Hotel Nagpur,Nagpur,Maharashtra,440001,India,wedding,3.0,3.0,0.0,10.0,2026-03-19 23:20:00,2026-03-29 23:20:00,Yes,e-cycle,71110.46,childrens_trips,14222.09,10239.91,67128.28,3.0,Standard,mobile_app,cash,guest00044@example.com,checked_out,,International,76.0,F
218,Park Plaza Vondelpark Amsterdam,Amsterdam,North Holland,1071,Netherlands,family,5.0,5.0,0.0,12.0,2025-03-18 05:11:00,2025-03-30 05:11:00,Yes,bus 11 seater,32912.57,working_pro_business_trips,1645.63,5628.05,36894.99,2.0,Standard,travel_agent,cash,guest00218@example.com,pending,A101,India,77.0,F
402,art'otel Amsterdam,Amsterdam,North Holland,1012,Netherlands,conference,1.0,1.0,0.0,4.0,,2025-04-29 00:44:00,,cycle,67392.23,senior_citizens,13478.45,2695.69,56609.47,1.0,Business Class,corporate_portal,debit_card,guest00402@example.com,checked_in,D401,India,25.0,M
191,Park Plaza Vondelpark Amsterdam,Amsterdam,North Holland,1071,Netherlands,conference,4.0,3.0,1.0,10.0,2025-01-09 07:16:00,2025-01-19 07:16:00,No,motorcycle,182573.42,childrens_trips,9128.67,20813.37,194258.12,1.0,Suite,travel_agent,net_banking,guest00191@example.com,checked_out,D401,India,18.0,OTHER
310,Radisson Blu Hotel Bengaluru,Bengaluru,Karnataka,560052,India,wedding,5.0,5.0,0.0,4.0,2026-01-29 02:21:00,2026-02-02 02:21:00,,bus 11 seater,98163.04,senior_citizens,14724.46,10012.63,93451.21,3.0,Standard,phone,net_banking,guest00310@example.com,checked_in,A101,International,38.0,OTHER
260,Radisson Blu Hotel Mumbai,Mumbai,Maharashtra,400051,India,transit,5.0,4.0,1.0,2.0,2026-01-23 07:16:00,2026-01-25 07:16:00,No,bus 25 seater,27570.71,,4135.61,4218.32,27653.42,3.0,Family Room,travel_agent,cash,guest00260@example.com,pending,A101,India,26.0,F
106,Radisson Blu Hotel Dubai Deira Creek,Dubai,Dubai,12345,UAE,wedding,3.0,2.0,1.0,5.0,2025-11-02 07:19:00,2025-11-07 07:19:00,,bus 25 seater,65724.36,childrens_trips,6572.44,7098.23,66250.15,1.0,Family Room,phone,net_banking,guest00106@example.com,checked_in,D401,International,67.0,M
54,Radisson Blu Hotel Nagpur,Nagpur,Maharashtra,440001,India,transit,2.0,2.0,0.0,9.0,2026-04-22 09:43:00,2026-05-01 09:43:00,No,e-cycle,213565.2,childrens_trips,32034.78,21783.65,203314.07,2.0,Business Class,mobile_app,cash,guest00054@example.com,checked_in,A101,India,42.0,OTHER
390,Radisson Blu Hotel Dubai Deira Creek,Dubai,Dubai,12345,UAE,leisure,3.0,3.0,0.0,11.0,2026-01-26 09:25:00,2026-02-06 09:25:00,No,bus 11 seater,247496.06,working_pro_business_trips,0.0,44549.29,292045.35,2.0,Business Class,corporate_portal,debit_card,guest00390@example.com,confirmed,C312,International,27.0,F
2,Radisson Blu Hotel Dubai Deira Creek,Dubai,Dubai,12345,UAE,conference,5.0,3.0,2.0,10.0,2026-03-06 07:28:00,2026-03-16 07:28:00,No,bus 25 seater,19507.71,senior_citizens,0.0,3511.39,23019.1,1.0,Business Class,website,credit_card,guest00002@example.com,checked_in,A101,International,72.0,F
433,Radisson Blu Hotel Amsterdam City Center,Amsterdam,North Holland,1012,Netherlands,transit,4.0,2.0,2.0,10.0,2025-05-11 08:59:00,2025-05-21 08:59:00,Yes,e-cycle,187104.54,,9355.23,8887.47,186636.78,3.0,Family Room,travel_agent,net_banking,guest00433@example.com,checked_in,A101,International,59.0,OTHER
473,Park Plaza Vondelpark Amsterdam,Amsterdam,North Holland,1071,Netherlands,transit,3.0,3.0,0.0,12.0,2025-07-18 13:16:00,2025-07-30 13:16:00,Yes,e-cycle,157632.32,students_exploring,31526.46,15132.7,141238.56,2.0,Deluxe,mobile_app,cash,guest00473@example.com,confirmed,C312,India,62.0,OTHER
50,art'otel Amsterdam,Amsterdam,North Holland,1012,Netherlands,transit,5.0,4.0,1.0,12.0,2026-02-25 01:20:00,2026-03-09 01:20:00,Yes,motorcycle,247496.24,honeymoon,24749.62,40094.39,262841.01,1.0,Family Room,walk_in,upi,guest00050@example.com,confirmed,D401,India,51.0,F
81,Radisson Blu Hotel Mumbai,Mumbai,Maharashtra,400051,India,transit,4.0,2.0,2.0,3.0,2026-05-30 16:26:00,2026-06-02 16:26:00,No,bus 25 seater,15032.54,working_pro_business_trips,751.63,714.05,14994.96,1.0,Family Room,website,upi,guest00081@example.com,confirmed,B205,International,46.0,OTHER
206,Radisson Blu Hotel Mumbai,Mumbai,Maharashtra,400051,India,business,2.0,2.0,0.0,11.0,2026-01-03 19:01:00,2026-01-14 19:01:00,Yes,bus 25 seater,144368.93,,14436.89,15591.84,145523.88,2.0,Standard,phone,net_banking,guest00206@example.com,checked_out,,India,60.0,F
35,Radisson Blu Hotel Bengaluru,Bengaluru,Karnataka,560052,India,conference,5.0,5.0,0.0,12.0,2026-04-22 13:52:00,2026-05-04 13:52:00,Yes,motorcycle,258716.94,working_pro_business_trips,0.0,31046.03,289762.97,3.0,Suite,travel_agent,credit_card,guest00035@example.com,checked_in,C312,India,49.0,M
264,Radisson Blu Hotel Dubai Deira Creek,Dubai,Dubai,12345,UAE,business,3.0,3.0,0.0,11.0,2025-05-06 08:30:00,2025-05-17 08:30:00,Yes,e-cycle,246295.0,students_exploring,49259.0,9851.8,206887.8,2.0,Standard,mobile_app,upi,guest00264@example.com,checked_out,A101,International,68.0,M
367,Radisson Blu Hotel Bengaluru,Bengaluru,Karnataka,560052,India,family,5.0,5.0,0.0,10.0,,2025-10-23 22:49:00,No,e-cycle,201162.31,working_pro_business_trips,40232.46,19311.58,180241.43,2.0,Suite,walk_in,upi,guest00367@example.com,pending,D401,India,25.0,F
92,Radisson Blu Hotel Bengaluru,Bengaluru,Karnataka,560052,India,leisure,4.0,4.0,0.0,12.0,2025-08-08 19:18:00,,,motorcycle,59386.79,honeymoon,0.0,7126.41,66513.2,3.0,Business Class,phone,upi,guest00092@example.com,confirmed,E510,International,75.0,F
340,Radisson Blu Hotel Bengaluru,Bengaluru,Karnataka,560052,India,family,3.0,3.0,0.0,8.0,2025-08-10 18:30:00,2025-08-18 18:30:00,No,cycle,93857.28,senior_citizens,0.0,4692.86,98550.14,3.0,Deluxe,walk_in,credit_card,guest00340@example.com,checked_in,A101,India,48.0,OTHER
464,Radisson Blu Hotel Amsterdam City Center,Amsterdam,North Holland,1012,Netherlands,leisure,5.0,4.0,1.0,1.0,2026-01-01 10:11:00,2026-01-02 10:11:00,Yes,e-cycle,,childrens_trips,0.0,249.36,2327.33,3.0,Family Room,travel_agent,credit_card,guest00464@example.com,confirmed,B205,International,37.0,OTHER
53,Radisson Blu Hotel Mumbai,Mumbai,Maharashtra,400051,India,wedding,6.0,5.0,1.0,7.0,2025-05-30 07:33:00,2025-06-06 07:33:00,No,cycle,41841.24,,0.0,2092.06,43933.3,1.0,Suite,walk_in,debit_card,guest00053@example.com,pending,D401,International,47.0,F
346,Radisson Blu Hotel Amsterdam City Center,Amsterdam,North Holland,1012,Netherlands,business,6.0,3.0,3.0,3.0,2025-03-24 12:57:00,2025-03-27 12:57:00,,bus 11 seater,10755.53,students_exploring,0.0,1290.66,12046.19,1.0,Deluxe,walk_in,credit_card,guest00346@example.com,cancelled,D401,India,48.0,F
265,Radisson Blu Hotel Nagpur,Nagpur,Maharashtra,440001,India,leisure,5.0,4.0,1.0,12.0,2025-02-13 18:50:00,2025-02-25 18:50:00,No,car,64749.76,,0.0,3237.49,67987.25,3.0,Business Class,phone,credit_card,guest00265@example.com,confirmed,C312,India,62.0,OTHER
242,Park Plaza Vondelpark Amsterdam,Amsterdam,North Holland,1071,Netherlands,transit,1.0,1.0,0.0,2.0,2026-04-28 19:27:00,2026-04-30 19:27:00,No,motorcycle,20806.75,working_pro_business_trips,3121.01,884.29,18570.03,3.0,Family Room,travel_agent,net_banking,guest00242@example.com,confirmed,B205,International,46.0,M
14,Radisson Blu Hotel Bengaluru,Bengaluru,Karnataka,560052,India,leisure,6.0,5.0,1.0,12.0,2025-10-20 13:44:00,2025-11-01 13:44:00,Yes,cycle,157089.32,,0.0,18850.72,175940.04,3.0,Standard,phone,upi,guest00014@example.com,confirmed,A101,International,50.0,OTHER
316,Radisson Blu Hotel Frankfurt,Frankfurt,Hesse,60329,Germany,business,5.0,5.0,0.0,12.0,2026-05-26 23:15:00,2026-06-07 23:15:00,Yes,cycle,279555.54,students_exploring,41933.33,28514.67,266136.88,3.0,Business Class,website,net_banking,guest00316@example.com,checked_in,,India,27.0,NULL
89,Radisson Blu Hotel Dubai Deira Creek,Dubai,Dubai,12345,NULL,conference,4.0,3.0,1.0,2.0,2025-10-28 10:06:00,2025-10-30 10:06:00,Yes,e-cycle,17821.41,students_exploring,2673.21,2726.68,17874.88,2.0,Suite,website,upi,guest00089@example.com,checked_out,D401,International,58.0,M
388,Radisson Blu Hotel Frankfurt,Frankfurt,Hesse,60329,Germany,family,2.0,2.0,0.0,11.0,2025-08-09 09:46:00,2025-08-20 09:46:00,No,bus 11 seater,124055.35,working_pro_business_trips,0.0,6202.77,130258.12,2.0,Deluxe,travel_agent,net_banking,guest00388@example.com,checked_in,A101,India,48.0,M
274,Radisson Blu Beke Hotel Budapest,Budapest,Budapest,1067,Hungary,wedding,3.0,3.0,0.0,4.0,2025-01-07 09:14:00,2025-01-11 09:14:00,,cycle,83476.02,working_pro_business_trips,16695.2,8013.7,74794.52,3.0,Deluxe,website,credit_card,guest00274@example.com,checked_in,C312,India,26.0,F
167,Park Plaza Vondelpark Amsterdam,Amsterdam,North Holland,1071,Netherlands,family,,2.0,0.0,2.0,2026-08-22 03:09:00,2026-08-24 03:09:00,Yes,motorcycle,18171.14,childrens_trips,0.0,3270.81,21441.95,2.0,Business Class,website,credit_card,guest00167@example.com,pending,,International,,OTHER
329,Radisson Blu Beke Hotel Budapest,Budapest,Budapest,1067,Hungary,transit,5.0,4.0,1.0,1.0,2025-07-27 05:35:00,2025-07-28 05:35:00,,bus 25 seater,8733.79,students_exploring,873.38,393.02,8253.43,1.0,Suite,phone,debit_card,guest00329@example.com,pending,A101,India,19.0,OTHER
135,Radisson Blu Beke Hotel Budapest,Budapest,Budapest,1067,Hungary,wedding,3.0,3.0,0.0,2.0,2026-03-08 09:30:00,2026-03-10 09:30:00,,bus 11 seater,15041.78,students_exploring,3008.36,1444.01,13477.43,1.0,Deluxe,travel_agent,credit_card,guest00135@example.com,checked_in,C312,International,69.0,F
307,Radisson Blu Hotel Mumbai,Mumbai,Maharashtra,400051,India,transit,5.0,4.0,1.0,10.0,2025-07-03 22:38:00,2025-07-13 22:38:00,,car,90486.23,students_exploring,0.0,16287.52,106773.75,3.0,Deluxe,website,cash,guest00307@example.com,confirmed,D401,International,61.0,OTHER
471,Radisson Blu Hotel Mumbai,Mumbai,Maharashtra,400051,India,family,3.0,2.0,1.0,9.0,2025-03-27 09:38:00,2025-04-05 09:38:00,No,bus 25 seater,52886.02,students_exploring,5288.6,5711.69,53309.11,3.0,Family Room,corporate_portal,credit_card,guest00471@example.com,cancelled,B205,International,30.0,M
320,Radisson Blu Hotel Frankfurt,Frankfurt,Hesse,60329,Germany,wedding,2.0,2.0,0.0,6.0,2025-06-04 21:28:00,2025-06-10 21:28:00,Yes,bus 25 seater,108347.86,honeymoon,10834.79,4875.65,102388.72,1.0,Family Room,mobile_app,cash,guest00320@example.com,checked_in,D401,India,60.0,F
244,Radisson Blu Hotel Mumbai,Mumbai,Maharashtra,12-34,India,wedding,4.0,1.0,3.0,1.0,2026-08-24 06:33:00,2026-08-25 06:33:00,No,bus 25 seater,14550.55,childrens_trips,2910.11,2095.28,13735.72,1.0,Family Room,mobile_app,cash,guest00244@example.com,checked_in,E510,India,34.0,M
55,Radisson Blu Hotel New Delhi,New Delhi,Delhi,110001,India,wedding,4.0,1.0,3.0,5.0,2026-08-12 09:44:00,2026-08-17 09:44:00,,e-cycle,85354.66,honeymoon,4267.73,4054.35,85141.28,3.0,Suite,travel_agent,debit_card,guest00055@example.com,checked_out,C312,India,58.0,M
364,Radisson Blu Hotel Amsterdam City Center,Amsterdam,North Holland,1012,Netherlands,conference,2.0,2.0,0.0,7.0,2025-07-05 11:24:00,2025-07-12 11:24:00,Yes,cycle,78790.66,senior_citizens,3939.53,3742.56,78593.69,2.0,Business Class,phone,upi,guest00364@example.com,checked_out,,India,23.0,F
51,Radisson Blu Hotel Nagpur,Nagpur,Maharashtra,440001,India,wedding,2.0,2.0,0.0,11.0,2025-05-28 13:55:00,2025-06-08 13:55:00,,motorcycle,219245.25,,10962.26,24993.96,233276.95,1.0,Business Class,phone,net_banking,guest00051@example.com,checked_in,C312,International,73.0,OTHER
448,Radisson Blu Hotel Frankfurt,Frankfurt,Hesse,60329,Germany,family,,1.0,0.0,9.0,2025-06-10 11:16:00,2025-06-19 11:16:00,Yes,cycle,33745.08,honeymoon,3374.51,5466.7,35837.27,2.0,Family Room,walk_in,upi,guest00448@example.com,checked_in,D401,International,45.0,F
175,Radisson Blu Hotel Frankfurt,Frankfurt,Hesse,60329,Germany,wedding,6.0,3.0,3.0,9.0,2025-05-26 03:54:00,2025-06-04 03:54:00,Yes,bus 25 seater,94205.75,childrens_trips,18841.15,9043.75,84408.35,2.0,Deluxe,mobile_app,cash,guest00175@example.com,checked_in,,International,29.0,OTHER
446,Radisson Blu Hotel Nagpur,Nagpur,Maharashtra,440001,India,transit,7.0,5.0,2.0,9.0,2025-10-14 04:54:00,2025-10-23 04:54:00,,car,59888.81,senior_citizens,0.0,,67075.47,3.0,Suite,phone,net_banking,guest00446@example.com,cancelled,D401,International,29.0,F
190,Radisson Blu Hotel New Delhi,New Delhi,Delhi,110001,India,leisure,1.0,1.0,0.0,5.0,2025-12-19 05:53:00,2025-12-24 05:53:00,Yes,e-cycle,53841.62,senior_citizens,0.0,9691.49,63533.11,3.0,Deluxe,travel_agent,cash,guest00190@example.com,checked_out,A101,India,48.0,M
188,art'otel Amsterdam,Amsterdam,North Holland,1012,Netherlands,family,5.0,3.0,2.0,9.0,2026-02-21 23:31:00,2026-03-02 23:31:00,,cycle,123788.31,students_exploring,0.0,6189.42,129977.73,1.0,Family Room,walk_in,credit_card,guest00188@example.com,pending,B205,India,71.0,M
170,Radisson Blu Hotel Amsterdam City Center,Amsterdam,North Holland,1012,Netherlands,conference,1.0,1.0,0.0,8.0,2025-12-06 03:02:00,2025-12-14 03:02:00,Yes,motorcycle,120912.91,,24182.58,11607.64,108337.97,2.0,Deluxe,travel_agent,debit_card,guest00170@example.com,pending,C312,International,46.0,M
59,Radisson Blu Hotel Bengaluru,Bengaluru,Karnataka,560052,India,business,2.0,2.0,0.0,2.0,2025-11-06 20:26:00,2025-11-08 20:26:00,Yes,cycle,5326.64,senior_citizens,532.66,239.7,5033.68,2.0,Suite,travel_agent,net_banking,guest00059@example.com,checked_in,E510,India,74.0,F
49,Radisson Blu Beke Hotel Budapest,Budapest,Budapest,1067,Hungary,wedding,6.0,5.0,1.0,5.0,2025-01-03 09:46:00,2025-01-08 09:46:00,No,bus 25 seater,85553.13,childrens_trips,0.0,10266.38,95819.51,3.0,Family Room,corporate_portal,cash,guest00049@example.com,cancelled,B205,India,54.0,F
345,Radisson Blu Beke Hotel Budapest,Budapest,Budapest,1067,Hungary,wedding,1.0,1.0,0.0,5.0,2026-05-31 21:27:00,2026-06-05 21:27:00,Yes,motorcycle,49046.28,,4904.63,7945.5,52087.15,3.0,Family Room,travel_agent,cash,guest00345@example.com,checked_out,C312,India,30.0,F
236,Radisson Blu Beke Hotel Budapest,Budapest,Budapest,1067,Hungary,leisure,6.0,4.0,2.0,10.0,2025-03-29 06:28:00,2025-04-08 06:28:00,,bus 11 seater,57571.49,working_pro_business_trips,5757.15,9326.58,61140.92,3.0,Family Room,travel_agent,debit_card,guest00236@example.com,cancelled,D401,India,32.0,F
253,Radisson Blu Hotel Amsterdam City Center,Amsterdam,North Holland,1012,Netherlands,business,3.0,3.0,0.0,5.0,2026-04-06 23:21:00,2026-04-11 23:21:00,No,car,73669.01,childrens_trips,3683.45,8398.27,78383.83,3.0,Family Room,mobile_app,net_banking,guest00253@example.com,checked_out,,India,67.0,F
22,Radisson Blu Hotel New Delhi,New Delhi,Delhi,110001,India,wedding,3.0,2.0,1.0,5.0,2025-01-29 03:56:00,2025-02-03 03:56:00,No,bus 25 seater,123091.87,,0.0,6154.59,129246.46,2.0,Suite,walk_in,net_banking,,confirmed,D401,India,34.0,M
314,art'otel Amsterdam,Amsterdam,North Holland,1012,Netherlands,family,5.0,,0.0,4.0,2025-06-27 15:08:00,2025-07-01 15:08:00,,bus 11 seater,92991.93,senior_citizens,9299.19,4184.64,87877.38,1.0,Standard,phone,credit_card,guest00314@example.com,pending,,International,60.0,F
161,Radisson Blu Hotel Dubai Deira Creek,Dubai,Dubai,12345,UAE,transit,2.0,2.0,0.0,10.0,2026-01-04 01:31:00,2026-01-14 01:31:00,,car,77186.93,senior_citizens,0.0,13893.65,91080.58,3.0,Family Room,website,credit_card,guest00161@example.com,confirmed,B205,India,48.0,F
277,Park Plaza Vondelpark Amsterdam,Amsterdam,North Holland,1071,Netherlands,wedding,2.0,2.0,0.0,4.0,2025-12-01 16:44:00,2025-12-05 16:44:00,,cycle,75090.49,honeymoon,7509.05,8109.77,75691.21,1.0,Suite,travel_agent,cash,guest00277@example.com,pending,B205,International,23.0,F
444,Radisson Blu Beke Hotel Budapest,Budapest,Budapest,1067,Hungary,leisure,2.0,2.0,0.0,11.0,2025-04-14 00:53:00,2025-04-25 00:53:00,No,motorcycle,220748.07,senior_citizens,0.0,26489.77,247237.84,2.0,Business Class,phone,debit_card,guest00444@example.com,checked_out,E510,International,74.0,OTHER
192,Radisson Blu Hotel New Delhi,New Delhi,Delhi,110001,India,family,3.0,3.0,0.0,10.0,2026-07-29 20:38:00,2026-08-08 20:38:00,,bus 25 seater,43080.25,childrens_trips,0.0,5169.63,48249.88,2.0,Business Class,mobile_app,debit_card,guest00192@example.com,checked_out,B205,India,69.0,OTHER
386,Radisson Blu Hotel Mumbai,Mumbai,Maharashtra,400051,India,business,4.0,1.0,3.0,1.0,2026-01-22 18:14:00,2026-01-23 18:14:00,No,bus 11 seater,16812.88,childrens_trips,3362.58,672.52,14122.82,3.0,Deluxe,website,cash,guest00386@example.com,checked_out,D401,International,27.0,M
294,Park Plaza Vondelpark Amsterdam,Amsterdam,North Holland,1071,Netherlands,wedding,7.0,5.0,2.0,1.0,2025-05-01 04:12:00,2025-05-02 04:12:00,Yes,cycle,2083.22,students_exploring,208.32,224.99,2099.89,1.0,Deluxe,walk_in,cash,guest00294@example.com,checked_in,D401,International,23.0,OTHER
414,Radisson Blu Hotel Dubai Deira Creek,Dubai,Dubai,12345,UAE,family,,2.0,0.0,6.0,2026-07-20 09:33:00,2026-07-26 09:33:00,Yes,bus 25 seater,134732.45,,20209.87,20614.06,135136.64,2.0,Family Room,website,credit_card,guest00414@example.com,cancelled,C312,International,25.0,M
344,Radisson Blu Hotel Frankfurt,Frankfurt,Hesse,60329,Germany,family,6.0,5.0,1.0,3.0,2025-02-11 11:23:00,2025-02-14 11:23:00,Yes,cycle,44428.77,honeymoon,0.0,2221.44,46650.21,3.0,Suite,phone,net_banking,guest00344@example.com,pending,,India,38.0,F
258,Radisson Blu Hotel Bengaluru,Bengaluru,Karnataka,560052,India,business,5.0,5.0,0.0,11.0,2026-08-01 13:33:00,2026-08-12 13:33:00,No,bus 25 seater,108397.35,childrens_trips,16259.6,4606.89,96744.64,2.0,Business Class,mobile_app,upi,guest00258@example.com,confirmed,A101,India,40.0,F
309,Radisson Blu Beke Hotel Budapest,Budapest,Budapest,1067,Hungary,wedding,5.0,5.0,0.0,3.0,2025-12-23 19:36:00,2025-12-26 19:36:00,,car,62301.68,childrens_trips,0.0,7476.2,69777.88,3.0,Suite,corporate_portal,net_banking,guest00309@example.com,checked_in,B205,India,53.0,M
150,Radisson Blu Hotel Frankfurt,Frankfurt,Hesse,60329,Germany,wedding,4.0,4.0,0.0,7.0,2025-10-03 20:26:00,2025-10-10 20:26:00,,bus 25 seater,141642.82,,0.0,16997.14,158639.96,2.0,Suite,corporate_portal,upi,guest00150@example.com,checked_out,A101,India,64.0,F
131,Park Plaza Vondelpark Amsterdam,Amsterdam,North Holland,1071,Netherlands,wedding,1.0,1.0,0.0,6.0,2025-03-22 16:47:00,2025-03-28 16:47:00,,cycle,43114.45,students_exploring,0.0,5173.73,48288.18,2.0,Standard,phone,upi,guest00131@example.com,checked_in,D401,India,40.0,OTHER
152,Park Plaza Vondelpark Amsterdam,Amsterdam,North Holland,1071,Netherlands,leisure,6.0,2.0,4.0,7.0,2026-03-28 14:00:00,2026-04-04 14:00:00,No,car,160287.73,,32057.55,15387.62,143617.8,2.0,Business Class,website,upi,guest00152@example.com,pending,A101,International,58.0,F
360,Radisson Blu Hotel Nagpur,Nagpur,Maharashtra,440001,India,family,3.0,3.0,0.0,12.0,2026-05-07 11:19:00,2026-05-19 11:19:00,Yes,e-cycle,144635.51,childrens_trips,21695.33,22129.23,145069.41,1.0,Standard,mobile_app,debit_card,guest00360@example.com,pending,,India,37.0,M
100,Radisson Blu Hotel Bengaluru,Bengaluru,Karnataka,560052,India,conference,1.0,1.0,0.0,1.0,2026-04-27 09:34:00,2026-04-28 09:34:00,No,car,22272.97,students_exploring,4454.59,,19956.59,1.0,Family Room,walk_in,debit_card,guest00100@example.com,cancelled,E510,International,22.0,F
373,Radisson Blu Hotel Mumbai,Mumbai,Maharashtra,400051,India,conference,3.0,3.0,0.0,7.0,2026-08-05 16:57:00,2026-08-12 16:57:00,,motorcycle,88879.26,childrens_trips,0.0,10665.51,99544.77,3.0,Standard,corporate_portal,credit_card,guest00373@example.com,pending,C312,International,50.0,OTHER
88,Radisson Blu Hotel New Delhi,New Delhi,Delhi,110001,India,leisure,6.0,4.0,2.0,6.0,2025-10-07 03:51:00,2025-10-13 03:51:00,No,e-cycle,114268.43,students_exploring,11426.84,12340.99,115182.58,2.0,Family Room,travel_agent,credit_card,guest00088@example.com,checked_in,A101,International,56.0,M
459,Radisson Blu Hotel Amsterdam City Center,Amsterdam,North Holland,1012,Netherlands,family,7.0,5.0,2.0,2.0,2026-01-13 02:48:00,2026-01-15 02:48:00,Yes,cycle,18727.01,honeymoon,1872.7,842.72,17697.03,2.0,Standard,website,cash,guest00459@example.com,checked_in,C312,International,72.0,M
331,Radisson Blu Hotel Dubai Deira Creek,Dubai,Dubai,12345,UAE,conference,1.0,1.0,0.0,4.0,2025-06-02 23:37:00,2025-06-06 23:37:00,,car,20339.6,senior_citizens,4067.92,813.58,17085.26,3.0,Deluxe,website,debit_card,guest00331@example.com,confirmed,C312,India,47.0,OTHER
215,Radisson Blu Hotel New Delhi,New Delhi,Delhi,110001,India,transit,6.0,5.0,1.0,8.0,2025-04-29 11:35:00,2025-05-07 11:35:00,,bus 25 seater,138224.38,students_exploring,13822.44,22392.35,146794.29,1.0,Family Room,website,credit_card,guest00215@example.com,checked_in,B205,India,60.0,M
467,Radisson Blu Beke Hotel Budapest,Budapest,Budapest,1067,Hungary,family,1.0,1.0,0.0,4.0,2025-07-26 04:24:00,2025-07-30 04:24:00,Yes,bus 25 seater,74508.62,childrens_trips,7450.86,12070.4,79128.16,3.0,Standard,walk_in,cash,guest00467@example.com,cancelled,A101,India,72.0,OTHER
122,Radisson Blu Hotel Bengaluru,Bengaluru,Karnataka,560052,India,business,2.0,2.0,0.0,12.0,2026-01-15 02:34:00,2026-01-27 02:34:00,Yes,bus 11 seater,126603.56,working_pro_business_trips,18990.53,19370.35,126983.38,3.0,Family Room,mobile_app,cash,guest00122@example.com,pending,C312,International,76.0,M
21,Radisson Blu Hotel Bengaluru,Bengaluru,Karnataka,560052,India,business,3.0,3.0,0.0,8.0,2025-08-16 06:52:00,2025-08-24 06:52:00,,bus 11 seater,162016.12,students_exploring,0.0,8100.81,170116.93,2.0,Business Class,website,upi,guest00021@example.com,cancelled,,International,61.0,OTHER
72,Radisson Blu Hotel Mumbai,Mumbai,Maharashtra,400051,India,family,3.0,3.0,0.0,1.0,2025-10-24 03:25:00,2025-10-25 03:25:00,Yes,motorcycle,23784.65,honeymoon,2378.47,3853.11,25259.29,1.0,Suite,walk_in,cash,guest00072@example.com,checked_out,A101,International,73.0,F
107,Radisson Blu Beke Hotel Budapest,Budapest,Budapest,1067,Hungary,leisure,6.0,3.0,3.0,2.0,2025-02-13 09:45:00,2025-02-15 09:45:00,Yes,cycle,34037.1,childrens_trips,6807.42,3267.56,30497.24,3.0,Business Class,mobile_app,credit_card,guest00107@example.com,checked_out,,India,33.0,M
271,Radisson Blu Beke Hotel Budapest,Budapest,Budapest,1067,Hungary,wedding,2.0,1.0,1.0,2.0,2025-03-21 06:33:00,2025-03-23 06:33:00,,bus 11 seater,28269.07,working_pro_business_trips,0.0,1413.45,29682.52,3.0,Deluxe,walk_in,net_banking,guest00271@example.com,checked_in,,India,67.0,OTHER
349,Park Plaza Vondelpark Amsterdam,Amsterdam,North Holland,1071,Netherlands,leisure,4.0,3.0,1.0,1.0,2025-06-15 07:07:00,2025-06-16 07:07:00,,e-cycle,12028.62,honeymoon,601.43,571.36,11998.55,3.0,Business Class,travel_agent,debit_card,guest00349@example.com,cancelled,D401,India,52.0,F
436,art'otel Amsterdam,Amsterdam,North Holland,1012,Netherlands,wedding,3.0,1.0,2.0,6.0,2025-04-21 15:15:00,2025-04-27 15:15:00,,motorcycle,83138.77,honeymoon,0.0,4156.94,87295.71,3.0,Suite,walk_in,credit_card,guest00436@example.com,confirmed,A101,India,42.0,F
103,Radisson Blu Beke Hotel Budapest,Budapest,Budapest,1067,Hungary,transit,4.0,1.0,3.0,6.0,2026-05-02 00:23:00,2026-05-08 00:23:00,Yes,cycle,92051.34,students_exploring,18410.27,13255.39,86896.46,2.0,Family Room,walk_in,debit_card,guest00103@example.com,confirmed,E510,International,28.0,OTHER
